Nombre grupo,Nombre,Cod. Fact,Cod,FAM,Marca,Pdte 05.05,Fact a abr12,Fact a abr11,FC NT abr12,FC NT abr11,Ped a abr12,Ped a abr11,Fact_tot 2011,Fact_tot 2010,Pzas último pedido,Fecha últ. Ped.,Provincia,Dirección,Localidad,CP,Tel.
IMPORTANTES 1,"CENTRAL OPTICA FRONTOMAN, S.A.",000106,000106,,MAC,,1,2,42.00,70.00,1.00,2.00,2,5,,,ALBACETE,"ROSARIO, 62",ALBACETE,02003,967226368
CIOSA,"CLAMOR, C.OPT. OPT.BRAVO Y CLAMOR, C.B.",008337,000355,,MAC,1,7,0,331.00,0.00,9.00,0.00,,,9,2012-04-11,ALBACETE,"ROSARIO, 11",ALBACETE,02001,967212086
CECOP,"GARVI, OPT. LOPEZ CRUZ HUMILDAD",003387,003387,,MAC,,0,14,0.00,552.00,0.00,16.00,16,,,,ALBACETE,C/PADRE ROMANO 12,ALBACETE,02005,967520777
MULTIOPTICAS,"PEREZ SETIEN, OPTICA PEREZ SETIEN S.A.",001145,001145,M06,MAC,,-2,0,-88.00,0.00,-1.00,0.00,12,,12,2011-11-08,ALBACETE,"ROSARIO, 35",ALBACETE,02001,967214821
CECOP,"HOYOS, C.OPT. HOYOS COSTA RAQUEL",008293,008293,,MAC,,0,1,0.00,49.00,0.00,0.00,16,24,6,2011-09-09,ALBACETE,"SAN FRANCISCO, 1",ALMANSA (ALBACETE),02640,967343450
MULTIOPTICAS,MULTIOPTICAS OPTICA FAJARDO C.B.,007943,007943,M06,MAC,,5,0,236.00,0.00,5.00,-2.00,16,13,4,2012-03-14,ALBACETE,"GRAN VIA, 25",HELLIN (ALBACETE),02400,967302832
MULTIOPTICAS,"PEREZ SETIEN, OPTICO LA RODA VISION S.L.",005251,005251,M06,MAC,,0,1,0.00,47.00,0.00,1.00,0,3,,,ALBACETE,"PZ. MAYOR, 18","RODA, LA (ALBACETE)",02630,967441860
FEDEROPTICOS,"CONTRERAS, C.OPT. C.OPT.CONTRERAS,S.L.",004075,004075,,MAC,,1,0,38.00,0.00,0.00,0.00,7,,8,2011-11-08,ALBACETE,"GRACIANO ATIENZA, 7",VILLARROBLEDO(ALBACETE),02600,967142846
ZAS VISION,"FRANCES, OPTICA FRANCES VILAPLANA Mª ANGELES",003588,005116,,MAC,,7,9,329.00,363.00,7.00,10.00,27,16,6,2012-03-09,ALICANTE,"SANTA  ROSA, 18",ALCOY (ALICANTE),03802,965331083
CLARAVISION,CLARAVISION 12 ALCOY OPTICA CLARAVISION ALCOY S.L.L,011640,011640,,MAC,,0,0,0.00,0.00,0.00,-1.00,1,16,,,ALICANTE,"AVD.ALAMEDA, 71",ALCOY(ALICANTE),03802,965523307
VISTALIA,"NOVALUZ, OPT. NOVALUZ S.L.",007713,007713,,MAC,,,,,,,,0,5,,,ALICANTE,"AVD.PAIS VALENCIANO, 10 LOCAL  9",ALFAZ DEL PI (ALICANTE),03580,966860020
PREFERENTES,"CAMBRODI, OPTICA OPTICA CAMBRODI, S.L",012629,012629,,MAC,,0,0,0.00,0.00,0.00,-1.00,0,2,,,ALICANTE,"PLAZA PIO XII, 6",ALICANTE,03013,965208564
CLIENTES IMPORTANTES,"CENTRO FARMACEUTICO (OPTICA)   CENTRO FARMACEUTICO, S.A.",009738,009738,Y31,MAC,,34,0,"1,444.00",0.00,35.00,0.00,,,10,2012-01-26,ALICANTE,"AVD.NOVELDA, 249",ALICANTE,03009,965186495
IMPORTANTES 1,"NOVA, C.OPT. C.OPT.NOVA,S.L.",007187,007187,,MAC,,,,,,,,25,,4,2011-10-04,ALICANTE,"GERONA, 27",ALICANTE,03001,965217735
IMPORTANTES 1,"SAN MATEO, OPT. PROFESALUD, S.L",012760,012760,Y40,MAC,17,0,20,0.00,777.00,17.00,20.00,26,,17,2012-04-24,ALICANTE,"SAN MATEO, 24",ALICANTE,03013,965209155
CLIENTES IMPORTANTES,"ASPE, C.OPT. CENTRO OPTICO ASPE CB",005556,005556,,MAC,,,,,,,,1,,,,ALICANTE,"AVD. MADRID, 11",ASPE (ALICANTE),03680,965494924
CIOSA,"OCULUS, OPTICA PUERTO CALPENA LUIS",008337,011511,,MAC,,19,-1,845.00,-30.00,19.00,-1.00,1,18,19,2012-03-13,ALICANTE,"AVD.PADRE ISMAEL, 61",ASPE (ALICANTE),03680,965491820
CIOSA,"PINA, OPTICA PINA MARTINEZ Mª CARMEN",008337,008246,,MAC,,,,,,,,0,3,,,ALICANTE,"SAN JOSE, 1",BENEJUZAR (ALICANTE),03390,965356285
CIOSA,"LA CALA, OPTICA OPTICA LA CALA, S.L.",008337,008308,,MAC,,3,0,155.00,0.00,3.00,0.00,,,,,ALICANTE,"AV. VILLAJOYOSA, 28",BENIDORM (ALICANTE),03502,966807256
CIOSA,"ATHAVI, OPTICA ATHANE FERNANDEZM ANUNCIACION",008337,008925,,MAC,,1,0,64.00,0.00,1.00,0.00,4,4,,,ALICANTE,"GABRIEL MIRO, 33",CALPE (ALICANTE),03710,965875574
REDVISUAL-PROVISION,EUROPTICA IFACH EUROPTICA IFACH S.L.,005591,005591,,MAC,,2,0,79.00,0.00,2.00,0.00,,,,,ALICANTE,"AV.EJERCITOS ESPAñOLES,7",CALPE (ALICANTE),03710,965838187
REDVISUAL-PROVISION,"IBALENT, OPTICA SABATER LLORACH MARGARITA",007221,007221,,MAC,,,,,,,,0,1,,,ALICANTE,"P. DEL CONDADO, 13",COCENTAINA (ALICANTE),03820,965592103
CLIENTES IMPORTANTES,"EL ALTET, C.OPT. CANDELA BOTELLA SUSANA",005890,005890,,MAC,,0,10,0.00,382.00,0.00,10.00,10,,,,ALICANTE,"AV. DAMA DE ELCHE, 7",EL ALTET (ALICANTE),03195,965687833
CECOP,"AVENIDA, C.OPT. SANCHEZ GOMEZ MIRIAM",007160,007160,,MAC,,0,1,0.00,34.00,0.00,-1.00,2,30,,,ALICANTE,"AVDA.ALICANTE, 87",ELCHE (ALICANTE),03202,966615215
IMPORTANTES 1,"CARRUS, OPT. OPTICA SECTOR V.S.L",013752,013752,,MAC,,,,,,,,0,17,,,ALICANTE,"CAPITAN ANTONIO MENA, 113",ELCHE (ALICANTE),03204,966093838
CLIENTES IMPORTANTES,"ELCHE, C.OPT. ELCHE OPTICA TRADE S.L.",009114,009114,,MAC,,0,20,0.00,788.00,0.00,21.00,21,,,,ALICANTE,"REINA VICTORIA, 34",ELCHE (ALICANTE),03201,966660058
,"MADRID, OPTICA MARTINEZ PEREZ FRANCISCO",008235,008235,,MAC,,11,11,480.00,453.00,11.00,9.00,32,39,11,2012-01-26,ALICANTE,"JOSE NAVARRO ORTS, 20",ELCHE (ALICANTE),03205,965425207
IMPORTANTES 1,B.&.N OPTICAS CALLADO CRESPI ESPERANZA,008317,008317,,MAC,,16,4,651.00,154.00,18.00,8.00,4,22,18,2012-02-22,ALICANTE,"ANTONINO VERA, 31",ELDA (ALICANTE),03600,966982171
IMPORTANTES 1,SAN MATEO  II SAN MATEO S.L.,000655,000655,Y40,MAC,,4,12,175.00,439.00,4.00,12.00,12,0,,,ALICANTE,"REYES CATOLICOS, 14",ELDA (ALICANTE),03600,965397197
REDVISUAL-PROVISION,"IBIOPTICS, OPT. ANTONIO SOLA ALCOLEA",011904,011904,,MAC,,0,3,0.00,122.00,0.00,0.00,3,13,,,ALICANTE,"PZA. MIGUEL SERVET,4",IBI (ALICANTE),03440,966553690
PRIMERA OPTICOS,"LA PAZ, C.OPT. LA PAZ CENTRO OPTICO S.L.",007711,007711,,MAC,,8,0,359.00,0.00,8.00,0.00,0,8,3,2012-01-27,ALICANTE,"AVDA.LA PAZ, 19",IBI (ALICANTE),03440,966553430
CIOSA,"ESPINOSA, C.OPT.AUDITIVO ESPINOSA POMARES EDUARDO",008337,008415,,MAC,3,6,0,269.00,0.00,9.00,0.00,,,1,2012-04-17,ALICANTE,"VIRGEN DESAMPARADOS, 81",NOVELDA (ALICANTE),03660,965602676
NATURAL OPTICS,"NOVELDA, C.OPT. MARTINEZ GARCIA JUAN",005106,005106,,MAC,,,,,,,,0,12,,,ALICANTE,"JAIME II, 44",NOVELDA (ALICANTE),03660,965624655
IMPORTANTES 1,SAN MATEO SAN MATEO S.L.,007115,007115,Y40,MAC,,0,7,0.00,249.00,0.00,7.00,7,,,,ALICANTE,"JAIME II, 14",NOVELDA (ALICANTE),03660,965606729
CLIENTES IMPORTANTES,"AGRASOT, OPTICA OPTICA AGRASOT, S.L.",009039,009039,,MAC,,-1,0,-47.00,0.00,0.00,0.00,0,1,,,ALICANTE,"PINTOR AGRASOT, 44",ORIHUELA (ALICANTE),03300,965303061
CIOSA,"DUQUE DE TAMAMES, OPTICA JIMENEZ LOPEZ MARIA NIEVES",008337,003790,,MAC,,,,,,,,0,10,,,ALICANTE,"DUQUE DE TAMAMES, 39",ORIHUELA (ALICANTE),03300,966743816
CIOSA,INNOVISION CENTRO OPTICO INNOVISION C.B.,008337,006742,,MAC,,16,23,703.00,858.00,16.00,23.00,23,,16,2012-03-15,ALICANTE,"JOSE ANTONIO, 14",ORIHUELA (ALICANTE),03300,965304937
PREFERENTES,"PERALTA, OPTICA PERALTA RODRIGUEZ JULIO",011058,011058,,MAC,,3,4,136.00,171.00,2.00,6.00,16,,10,2011-10-25,ALICANTE,"TENIENTE LINARES, 10",ORIHUELA (ALICANTE),03300,965300779
CIOSA,"COSTA, OPTICA COSTA DURA ADELA",008337,005021,,MAC,,11,0,475.00,0.00,5.00,-1.00,15,9,24,2011-11-26,ALICANTE,"AVDA. JAIME I, 56",PEDREGUER (ALICANTE),03750,966456504
CECOP,"PEGO, OPTICA MENGUAL TAVALLO GLORIA",009259,009259,,MAC,,0,2,0.00,86.00,0.00,0.00,2,2,,,ALICANTE,"JAIME I, 2",PEGO (ALICANTE),03780,965572326
OPTICALIA,"PINOSO, OPT. TORTOSA CANTO ELSA",007865,007865,,MAC,,0,6,0.00,244.00,0.00,6.00,6,,,,ALICANTE,"JUAN CARLOS I, 3",PINOSO (ALICANTE),03650,966966037
NATURAL OPTICS,VISUAL 20 PRIETO HERNANDEZ FRANCISCO,010153,010153,,MAC,,0,6,0.00,290.00,0.00,6.00,6,1,,,ALICANTE,"HISTORIADOR VICENTE RAMOS, 3",PLAYA DE SAN JUAN (ALICANT,03540,965157240
CIOSA,"NATHALIE, OPTICA RAYA LLANEZA NATHALIE",008337,006514,,MAC,,,,,,,,0,3,,,ALICANTE,"SAN POLICARPO, 2",TORREVIEJA (ALICANTE),03181,965714304
VISTALIA,"TORREVIEJA, OPT. ESPINOSA NOGUEROLJOSE ANTONIO",003813,003813,,MAC,,,,,,,,3,1,,,ALICANTE,"CHAPAPRIERTA,24",TORREVIEJA (ALICANTE),03181,965715160
REDVISUAL-PROVISION,"TOMAS ROCHA, OPTICA INMOMIX VISION, S.L.U.",012513,012513,,MAC,,,,,,,,0,5,,,ALICANTE,"COLON, 6",VILLAJOYOSA (ALICANTE),03570,966851018
OPTICALIA,"MURILLO OPTICOS MURILLO OPTICOS, S.C.",006436,006436,,MAC,,,,,,,,0,15,,,ALICANTE,"JOAQUIN MARIA LOPEZ, 15",VILLENA (ALICANTE),03400,965801495
CLIENTES IMPORTANTES,"PARRA, OPT. OPTICA PARRA S.L",002341,002341,,MAC,,0,8,0.00,345.00,0.00,9.00,9,,,,ALICANTE,"TRINIDAD, 17",VILLENA (ALICANTE),03400,965802227
ZAS VISION,"BENICARLO, OPTICA LABORATORIOS COSAFAR, S.A",003588,004524,,MAC,,,,,,,,0,5,,,CASTELLON,"PIO XII, 23",BENICARLO (CASTELLON),12580,964461721
FARMAOPTICS,"SSIM, OPT. OPTICA SSIM, S.L.",006557,006557,,MAC,,0,10,0.00,455.00,-1.00,10.00,21,,11,2011-10-20,CASTELLON,"STO.TOMAS, 77",BENICASIM (CASTELLON),12560,964304009
ALAIN AFFLELOU ASOC.,"ALAIN AFFLELOU CASTELLON OPTICAS AZAHAR, S.L",013371,013371,,MAC,,1,0,37.00,0.00,1.00,0.00,,,,,CASTELLON,"AVDA. DEL MAR, S/N C.C.CARREFOUR CASTELLON",CASTELLON DE LA PLANA,12003,686930289
OPTIMIL ASOCIADOS,"CADENA VISUAL OPTIMIL CADENA VISUAL, S.A.",006479,006479,,MAC,,-191,0,"-7,538.00",7.00,0.00,71.00,15,383,,,CASTELLON,"CALLE G, PARCELA 301 POL. IND. LA MEZQUITA",LA VALL D'UXO (CASTELLON),12600,902180247
CIOSA,VISION SEGORBE SANCHEZ MARIN CESAR,008337,008847,,MAC,,0,18,0.00,666.00,0.00,19.00,20,,,,CASTELLON,"PZA.REY DON JAIME I, 1 BAJO",SEGORBE (CASTELLON),12400,964710026
PREFERENTES,"VILA-REAL, OPT. VILA-REAL, C.B.",003575,003575,,MAC,,3,15,117.00,639.00,0.00,16.00,16,3,4,2011-11-26,CASTELLON,"DOCTOR FONT,17",VILAREAL (CASTELLON),12540,964531368
MULTIOPTICAS,"IBARRA, MULTIOPTICAS BALAGUER-IBARRA,S.L.",000369,000369,,MAC,,15,0,622.00,0.00,11.00,0.00,36,,40,2011-11-09,CASTELLON,"MAYOR SAN JAIME, 12",VILLARREAL INF.(CASTELLON),12540,964520382
ALAIN AFFLELOU ASOC.,ALAIN AFFLELOU ASOCIADOS BENARA OPTICS S.L,012243,012243,W45,MAC,,,,,,,,0,6,,,CASTELLON,CTRA NAC 340 KM 1049 C. COMERCIAL VINAROZ,VINAROZ (CASTELLON),12500,964400289
MULTIOPTICAS,"BARREDA, OPTICA BARREDA CALLAU VICENTE EMILIO",000060,000060,M10,MAC,,0,0,0.00,0.00,0.00,10.00,10,0,,,CASTELLON,"PZ. SAN ANTONIO, 20 BIS",VINAROZ (CASTELLON),12500,964450248
ZAS VISION,"ALCON, OPTICA LOPEZ ALCON DIEGO",003588,006669,,MAC,,,,,,,,0,4,,,MURCIA,"RAMBLA D.DIEGO,ESQ.POSTIGO",ALHAMA DE MURCIA,30840,968633547
ALAIN AFFLELOU ASOC.,ALAIN AFFLELOU OPT. CARAVACA   VISUAL CARAVACA S.L,012411,012411,,MAC,,,,,,,,0,3,,,MURCIA,"GRAN VIA, 50",CARAVACA DE LA CRUZ MURCIA,30400,636141238
CLIENTES IMPORTANTES,"LAN, OPTICA OPTICA LAN, S.L",009424,009424,X15,MAC,,,,,,,,0,4,,,MURCIA,"VENECIA, 36 LOCAL 8 POL.IND. SANTA ANA",CARTAGENA (MURCIA),30319,968515846
IMPORTANTES 1,OXFORD CENTRO VISION RODERO PATERNA MARIA JOSE,000562,000562,Y39,MAC,,-3,20,-105.00,747.00,1.00,23.00,20,34,,,MURCIA,"PUERTA DE MURCIA, 6-8",CARTAGENA (MURCIA),30201,968507592
REDVISUAL-PROVISION,"APOLO, OPTICA PENALVA HERRERO Mª PILAR",008945,008945,,MAC,,1,0,47.00,0.00,1.00,0.00,,,,,MURCIA,"PZA.DOS DE MAYO, 1 BAJO",CIEZA (MURCIA),30530,968454595
FARMAOPTICS,"CIEZA, C.OPT. M.CARMEN ELIO Y P.LUCAS C.B.",007207,007207,,MAC,,0,1,0.00,45.00,0.00,0.00,1,4,,,MURCIA,"BUEN SUCESO, 25",CIEZA (MURCIA),30530,968773328
CIOSA,EUROPTICA GARCIA SANCHEZ AMPARO,008337,007306,,MAC,,0,1,0.00,38.00,0.00,1.00,1,,,,MURCIA,"BUEN SUCESO, 53",CIEZA (MURCIA),30530,968455297
,"LEGAZ, OPTICA GARCIA LEGAZ JUANA",008116,008116,,MAC,,,,,,,,-1,,,,MURCIA,"AVD. 1º DE MAYO, 141 BIS",EL PALMAR (MURCIA),30120,968884582
CIOSA,"EL RAAL, OPTICA OPTICA EL RAAL, S.L.L.",008337,006700,,MAC,,0,13,0.00,529.00,0.00,13.00,13,-1,,,MURCIA,"C/ MAYOR, 343",EL RAAL ( MURCIA ),30139,968870199
,"CORREDERA, OPT. OPTICA CORREDERA, S.L.",010993,010993,,MAC,,0,0,0.00,0.00,0.00,-2.00,0,5,,,MURCIA,"CORREDERA, 26",LORCA (MURCIA),30800,968478479
MULTIOPTICAS,"CRISTAL, OPTICA GERMANOPTIC S.L.",003311,003311,Y15,MAC,2,22,2,981.00,64.00,24.00,0.00,2,26,24,2012-03-14,MURCIA,"AV. JUAN CARLOS I, 23",LORCA (MURCIA),30800,968467905
,"GARVI, OPTICOS GARCIA VICENTE AMPARO",012847,012847,,MAC,,,,,,,,0,10,,,MURCIA,"CRTRA. DE MADRID, S.N C. CCIAL. EROSKI-LOCAL 15",MOLINA DE SEGURA (MURCIA),30500,968386580
IMPORTANTES 1,"VIREX, OPTICA VICENTE REX FCO JOSE",005446,005446,Y46,MAC,,0,5,0.00,198.00,-1.00,3.00,20,18,12,2011-10-25,MURCIA,"SANTA TERESA, 7",MOLINA DE SEGURA (MURCIA),30500,968642832
REDVISUAL-PROVISION,"BELO, OPTICA OPTICA BELO, S.L.",000065,000065,,MAC,,,,,,,,1,,,,MURCIA,"PLATERIA, 4",MURCIA,30004,968213202
CLIENTES IMPORTANTES,"GRAN VISION, OPTICA PEREZ PUCHE JULIAN JOSE",008581,008581,,MAC,,25,23,985.00,931.00,31.00,24.00,23,,13,2012-01-25,MURCIA,"ALAMEDA CAPUCHINOS, 6",MURCIA,30002,968937386
CECOP,IVISUAL CUADRUPANI BOSQUED ANTONIA,008695,008695,,MAC,,,,,,,,0,17,,,MURCIA,"PASEO DUQUES DE LUGO, S/N",MURCIA,30009,968297392
ZAS VISION,"LARA, OPTICA LARA LACARCEL FRANCISCO",003588,001737,,MAC,,0,5,0.00,210.00,0.00,2.00,9,12,,,MURCIA,"ESCULTOR ROQUE LOPEZ, 4",MURCIA,30008,968239349
CIOSA,"MEDICA, OPTICA OPTICA MEDICA, C.B.",008337,001740,,MAC,2,,,,,,,,,,,MURCIA,"CEBALLOS, 5",MURCIA,30003,968909790
CLIENTES IMPORTANTES,MORA S.L.-GRADUADO-,007519,007519,Y56,MAC,1,15,7,630.00,291.00,16.00,6.00,32,14,16,2012-03-01,MURCIA,"PUXMARINA, 1",MURCIA,30004,968217777
CLIENTES IMPORTANTES,"MORA, OPTICA -SOL- MARTINEZ MINGUEZ BLANCA",004461,004461,Y56,MAC,,,,,,,,-2,,,,MURCIA,"MAESTRO ALONSO, 1",MURCIA,30005,968215148
CECOP,"ORO, OPTICA SANTOFIMIA PEREZ Mª TERESA",008664,008664,,MAC,,,,,,,,0,-1,,,MURCIA,"SAN JUAN DE LA CRUZ, 6",MURCIA,30011,968346305
CIOSA,"PRINCESA, OPTICA M.C. E I. LOPEZ MECA, S.C.",008337,005202,,MAC,,,,,,,,1,,,,MURCIA,"PRINCESA, 9",MURCIA,30002,968215806
CLIENTES IMPORTANTES,"SOCIEDAD, OPTICA A.GARCIA MERINO Y OTRA C.B.",009831,009831,,MAC,,0,1,0.00,37.00,0.00,-1.00,1,3,,,MURCIA,"SOCIEDAD, 9",MURCIA,30004,968225097
FEDEROPTICOS,"VISTA ALEGRE, OPTICA PILAR MARIN, PABLO NAVARRO C.B",006134,006134,,MAC,,,,,,,,0,8,,,MURCIA,"MARIA MAROTO, 14",MURCIA,30007,968241726
REDVISUAL-PROVISION,"VISTA-BELLA, OPTICA GOMEZ LOPEZ BELEN",009739,009739,,MAC,,0,4,0.00,164.00,0.00,4.00,5,1,,,MURCIA,"CAPITAN BALACA, 4",MURCIA,30003,868950137
REDVISUAL-PROVISION,"MAYOR, OPTICA MARTINEZ PEDREÑO ANTONIO",005482,005482,,MAC,,,,,,,,6,,,,MURCIA,"MAYOR,142",PUENTE TOCINOS(MURCIA),30006,968302325
,"GIMENEZ, OPTICOS JIMENEZ SANCHEZ RAQUEL",007170,007170,,MAC,,,,,,,,0,1,,,MURCIA,"AV.SANDOVAL, 23",SANTIAGO LA RIBERA(MURCIA),30720,968571827
CIOSA,"TESSA, OPTICA CACERES HDEZ ROS MARIA TERESA",008337,001510,,MAC,1,14,3,631.00,105.00,15.00,-1.00,3,17,15,2012-03-15,MURCIA,GLORIA 6,SANTOMERA (MURCIA),30140,968860201
ZAS VISION,"CANOVAS, OPTICA CRESPO CANOVAS, S.L.",003588,004207,,MAC,,,,,,,,0,0,,,MURCIA,"CALVO SOTELO, 17",TOTANA (MURCIA),30850,968424818
ZAS VISION,"PRINCIPAL, OPTICA OPT. PRINCIPAL Y ASOCIADOS S.L",003588,013043,,MAC,,0,2,0.00,82.00,0.00,0.00,2,14,,,MURCIA,"MAYOR, 108","UNION, LA (MURCIA)",30360,968560429
CLIENTES IMPORTANTES,INMA ILLUECA OPTICOS ARAMBARRI ILLUECA LAURA,013176,013176,,MAC,,0,0,0.00,0.00,0.00,-53.00,0,0,,,VALENCIA,FACTORY BONAIRE LOCAL A1 CARRETERA MADRID VALENCIA K345,ALDAYA (VALENCIA),46960,961920351
CECOP,"MONTRULL, OPTICA MONTRULL PERALES M TERESA",003819,003819,,MAC,,0,7,0.00,300.00,0.00,7.00,11,20,,,VALENCIA,"CERVANTES,4",ALGEMESI (VALENCIA),46680,962481189
FARMAOPTICS,ALMASSERA FERNANDEZ-VICENTI GARRIDO EMMA,005644,005644,,MAC,,0,1,0.00,48.00,0.00,0.00,7,17,8,2011-08-30,VALENCIA,"VALENCIA, 1",ALMASSERA (VALENCIA),46132,961858533
IMPORTANTES 1,SANTOS PATRONOS ESCRIVA BLASCO MILAGROS,006033,006033,,MAC,,0,24,0.00,"1,023.00",0.00,25.00,24,24,,,VALENCIA,AV.SANTOS PATRONOS 18 BAJOS,ALZIRA (VALENCIA),46600,962414823
PREFERENTES,"BELLREGUARD, OPT. ESCRIVA BLASCO MIRIAM",003941,003941,,MAC,,1,2,40.00,87.00,1.00,2.00,3,1,,,VALENCIA,"REI EN JAUME, 6",BELLREGUART (VALENCIA),46713,962815251
REDVISUAL-PROVISION,"CLERIGUES, OPTICA CLERIGUES BALTASAR CARMEN",008733,008733,,MAC,,,,,,,,0,-1,,,VALENCIA,"ANGEL, 15",BENIFAYO (VALENCIA),46450,961780017
CECOP,"ALCOCER, C.OPT. OPTICA ALCOCER, C.B.",008652,008652,,MAC,,,,,,,,0,1,,,VALENCIA,"CARRETERA LIRIA, 25",BURJASOT (VALENCIA),46100,963638070
VISTALIA,"CARCAGENTE, C.OPT. CENTRE OPTIC CARCAIXENT S.L.",004718,004718,,MAC,,10,8,475.00,359.00,10.00,11.00,10,4,4,2012-01-17,VALENCIA,"JULIAN RIBERA, 32",CARCAIXENT (VALENCIA),46740,962460435
CIOSA,"CARLET, OPT. OPTICA CARLET S.L.",008337,003651,,MAC,,0,0,0.00,0.00,0.00,-1.00,0,10,,,VALENCIA,"BALAGUER,2",CARLET (VALENCIA),46240,962532071
ZAS VISION,"CREMADES, OPTICA OPTICA CREMADES S.L.",003588,010292,,MAC,,0,0,0.00,0.00,0.00,-1.00,13,16,15,2011-10-16,VALENCIA,"AV. VALENCIA, 25",CASINOS (VALENCIA),46171,962700274
,"CATARROJA, OPT. C. OPT. POBLA LLARGA, S.L",012938,012938,,MAC,,,,,,,,0,37,,,VALENCIA,"RAMóN Y CAJAL, 49",CATARROJA (VALENCIA),46470,961266238
OPTICALIA,OPTICA CATARROJA OPTICA LA POBLA S.L.,012306,012306,,MAC,,0,24,0.00,880.00,-1.00,24.00,37,,21,2011-10-13,VALENCIA,"RAMON Y CAJAL, 49",CATARROJA (VALENCIA),46470,961266238
PRIMERA OPTICOS,"LOZANO, OPT. OPTICAS LOZANO S.L.",003157,003157,,MAC,24,0,0,0.00,0.00,24.00,0.00,,,24,2012-04-27,VALENCIA,"CHIVA, 39",CHESTE (VALENCIA),46380,962510797
FARMAOPTICS,SANZ. OPT. SANZ CASANOVA PURIFICACION,003427,003427,,MAC,,1,1,49.00,53.00,1.00,0.00,9,46,10,2011-09-19,VALENCIA,"CTRA. TORRENTE, 26",CHIRIVELLA (VALENCIA),46950,963833486
CIOSA,"CHIVA, OPT. AVIÑO IGUAL Mª GEMMA",008337,007049,,MAC,,1,0,48.00,0.00,-1.00,0.00,9,,10,2011-11-26,VALENCIA,"DR. NACHER, 62",CHIVA (VALENCIA),46370,962522234
CLIENTES IMPORTANTES,"AVINGUDA 34, OPTICA GAVILA CELDA GLORIA",010608,010608,,MAC,,,,,,,,0,,,,VALENCIA,"AVD.HUGO BACHARACH, 34",FOIOS (VALENCIA),46134,961480387
MULTIOPTICAS,"BORJA II, OPTICA BORJA ALBI LUIS",000070,000070,X13,MAC,,5,0,214.00,0.00,5.00,0.00,1,9,5,2012-03-07,VALENCIA,"PASEO GERMANIAS, 69",GANDIA (VALENCIA),46700,962860911
IMPORTANTES 1,"BORJA, OPTICA BORJA OPTICOS, S.L",000069,000069,M04,MAC,,-1,44,-35.00,"1,680.00",0.00,44.00,49,0,,,VALENCIA,"SAN FRANCISCO BORJA, 57 APARTADO DE CORREOS, 122",GANDIA (VALENCIA),46700,962872444
CLIENTES IMPORTANTES,"GONZALO, OPTICO OPTICA GONZALO, S.L.",006006,006006,,MAC,,6,0,222.00,0.00,6.00,0.00,0,0,2,2012-01-17,VALENCIA,"PZ. LEANDRO CALVO, 2-B",GANDIA (VALENCIA),46700,962871407
ZAS VISION,"MORENO, OPTICA MORENO VISION S L",003588,001425,,MAC,,0,16,0.00,663.00,0.00,16.00,16,,,,VALENCIA,"BENEFICENCIA, 2",GANDIA (VALENCIA),46701,962871350
CLIENTES IMPORTANTES,"PASCUAL, OPTICA S.GREGORI PASCUAL Y HNOS.",008084,008084,,MAC,,,,,,,,0,19,,,VALENCIA,"MAYOR, 25",GANDIA (VALENCIA),46700,962872290
OPTICALIA,"VELEZ, OPTICA OPTICA VELEZ, S.L.",005767,005767,,MAC,,0,15,0.00,602.00,0.00,15.00,15,,,,VALENCIA,"P.GERMANIAS, 60",GANDIA (VALENCIA),46700,962877635
CIOSA,"RIBES, OPT. RIBES VICEDO INMACULADA",008337,003824,,MAC,,3,1,113.00,47.00,0.00,1.00,38,18,22,2011-10-19,VALENCIA,"DUQUE CARLOS DE BORJA, 18",GANDIA-VALENCIA,46701,962876084
CLIENTES IMPORTANTES,"LA ELIANA, C.OPT. CENTRE OPTIC L'ELIANA SL",007658,007658,,MAC,,1,16,49.00,645.00,1.00,16.00,28,14,4,2011-09-02,VALENCIA,"MARQUES DE CACERES, 20",LA ELIANA (VALENCIA),46183,961656902
,"LA POBLA, OPTICA C. OPT. LA POBLA LLARGA S.L",012939,012939,,MAC,,,,,,,,0,17,,,VALENCIA,"GLORIETA, 1 BAJO",LA POBLA LLARGA (VALENCIA),46670,962590522
CLARAVISION,"BONO CARRIO, OPTICA CARRIO SERVERA JULIAN",000187,000187,,MAC,,,,,,,,0,2,,,VALENCIA,"PLAZA MAYOR,6",LLOMBAY (VALENCIA),46195,962990940
CLIENTES IMPORTANTES,"RAUSELL, OPTICA RAUSELL GARCIA MARIA PILAR",001298,001298,,MAC,,0,12,0.00,480.00,0.00,15.00,14,,,,VALENCIA,"AVDA. MAYOR, 5",MASSAMAGRELL (VALENCIA),46130,961440239
MULTIOPTICAS,"BORJA, OPT. BORJA OPTICOS OLIVA S.L.",002714,002714,X13,MAC,3,2,7,77.00,254.00,5.00,9.00,9,3,5,2012-04-08,VALENCIA,ALEJANDRO CARDONA. 5,OLIVA (VALENCIA),46780,962839747
CIOSA,"JORGE, OPTICA BENAVENT ALONSO JORGE",008337,004482,,MAC,,18,18,710.00,692.00,18.00,14.00,41,11,18,2012-02-03,VALENCIA,"SAN JAIME, 1",ONTENIENTE (VALENCIA),46870,962911516
PRIMERA OPTICOS,NIKOL OPTICOS SERNA REVERT CONCEPCION,001975,001975,,MAC,,0,2,0.00,75.00,0.00,0.00,2,18,,,VALENCIA,"JOSE SIMO MARIN, 7",ONTENIENTE (VALENCIA),46870,962380954
FARMAOPTICS,"ESTIL VISIO, OPT. PENADES Y TORRO INMA",003072,003072,,MAC,,0,6,0.00,238.00,0.00,0.00,36,25,6,2011-09-16,VALENCIA,"SALVADOR TORMO, 32",ONTINYENT (VALENCIA),46870,962916151
ZAS VISION,"PALAU, OPT.PARAFARMACIA FAPEMAR 2009, S.L",003588,012942,,MAC,,,,,,,,0,14,,,VALENCIA,"MEDICO BALLESTER 17, BAJO",PATERNA (VALENCIA),46980,686170189
,"PATERNA, OPT. C. OPT. POBLA LLARGA, S.L",012936,012936,,MAC,,,,,,,,0,9,,,VALENCIA,"MAYOR, 7",PATERNA (VALENCIA),46980,961371775
ZAS VISION,"PORCAR, OPTICA PORCAR IZQUIERDO ESTEBAN",003588,005537,,MAC,,1,5,54.00,196.00,1.00,5.00,6,,,,VALENCIA,POETA LLORENTE 9,POBLA VALLBONA (VALENCIA),46185,962760587
CECOP,"VORA MAR, OPTICA MARTINEZ PAUL SOFIA",007979,007979,,MAC,,,,,,,,1,,,,VALENCIA,"VIRGEN DEL CARMEN, 34",PUERTO SAGUNTO (VALENCIA),46520,962683331
PROGRAM ITALOVISION,"PROGRAM VISION UNAX OPTICA, S.L.L.",011141,011141,,MAC,9,1,1,33.00,44.00,10.00,0.00,9,33,,,VALENCIA,"EL PESO, 22",REQUENA (VALENCIA),46340,962304381
REDVISUAL-PROVISION,"RIBELLES, OPTICA RIBELLES LERGA AMADEO",008242,008242,,MAC,1,22,15,802.00,647.00,24.00,15.00,15,,24,2012-02-21,VALENCIA,"HUERTOS, 25",SAGUNTO (VALENCIA),46500,962661212
REDVISUAL-PROVISION,"ALTUR, OPTICA ALTUR ALTUR ESTEFANIA",011065,011065,,MAC,,,,,,,,1,,,,VALENCIA,"FONT MENOR, 22",SIMAT VALLDIGNA (VALENCIA),46750,616345640
CLIENTES IMPORTANTES,"SIGNES, OPTICA SIGNES SANCHO VICENTA",002438,002438,,MAC,4,6,10,231.00,420.00,10.00,12.00,22,7,10,2012-03-26,VALENCIA,"CULLERA, 37",SUECA (VALENCIA),46410,961703673
VISTALIA,"SUECA, OPTICA ESTORNELL IBOR MARIA TERESA",005608,005608,Y26,MAC,,0,1,0.00,48.00,0.00,0.00,1,12,,,VALENCIA,"MARE DE DEU, 4",SUECA (VALENCIA),46410,961712616
CECOP,"TALIO, OPTICA GOMEZ NAVARRO EDUARDO",000694,000694,,MAC,8,6,8,267.00,357.00,14.00,8.00,17,,14,2012-04-08,VALENCIA,"MARE DE DEU, 32",SUECA (VALENCIA),46410,961700892
CLIENTES IMPORTANTES,"ELSA, OPTICA ENGUIX MANCLUS ELSA",002112,002112,X90,MAC,,,,,,,,0,22,,,VALENCIA,"PASEO PAIS VALENCIANO, 1",TABERNES VALLDIGNA(VALENCI,46760,962823512
ZAS VISION,"TAVERNES, OPTICA GRUPO MONOTROPA, S.L.",003588,008503,,MAC,,,,,,,,0,13,,,VALENCIA,"AUSIAS MARCH, 3 BAJO",TAVERNES BLANQUES-VALENCIA,46016,961861660
CECOP,CENTRE AUDIOPTIC PELLICER TALENS BENJAMIN,008841,008841,W44,MAC,6,4,18,177.00,677.00,12.00,20.00,18,12,12,2012-04-08,VALENCIA,"AVD.GERMANIAS, 29",TAVERNES VALDIGNA-VALENCIA,46760,962837337
CLIENTES IMPORTANTES,"CHULIA, OPTICA OPTICAS CHULIA, S.L.",010521,010521,,MAC,,,,,,,,26,,26,2011-05-04,VALENCIA,"FERNANDO FURIO ROCA, 4",TORRENT (VALENCIA),46900,961570347
CLIENTES IMPORTANTES,"NOVA VISIO, OPTICA NOVA VISIO TORRENT S.L.",007671,007671,,MAC,,0,2,0.00,91.00,0.00,-2.00,2,7,,,VALENCIA,"AZORIN, 38 BAJO",TORRENT (VALENCIA),46900,961567119
OPTICALIA,"UTIEL, OPTICALIA LOPEZ HERNANDEZ EVA Mª",013258,013258,,MAC,,,,,,,,0,2,,,VALENCIA,"SAN FERNANDO, 28",UTIEL (VALENCIA),46300,962172089
ZAS VISION,"BALLESTER, OPTICA OPTICA BALLESTER S.C.P.",003588,002041,,MAC,,21,11,816.00,456.00,23.00,11.00,12,17,11,2012-01-23,VALENCIA,"PZA.ENCARNACION, 2/ESQ.CARNIC.",VALENCIA,46001,963915631
IMPORTANTES 1,"BARELLES, OPTICA BARELLES PASTOR FRANCISCA",004295,004295,,MAC,,0,-2,0.00,-81.00,0.00,-1.00,-1,13,,,VALENCIA,"GUARDIA CIVIL, 22",VALENCIA,46020,963935074
PREFERENTES,"BILBAO, OPTICA CARBONEL GIMENO FILIBERTO",004057,004057,,MAC,,0,1,0.00,45.00,0.00,-2.00,1,10,,,VALENCIA,"BILBAO, 27",VALENCIA,46009,963666211
ZAS VISION,"BRAVO, OPTICA BRAVO INIESTA MARIA LUISA",003588,003634,,MAC,,,,,,,,0,2,,,VALENCIA,"AVDA BURJASOT,210",VALENCIA,46025,963490114
ZAS VISION,"CABAÑAL, C.OPT. BERNABEU PASCUAL",003588,004508,X03,MAC,,0,4,0.00,177.00,0.00,4.00,11,,7,2011-05-31,VALENCIA,"MEDITERRANEO, 26",VALENCIA,46011,963713274
FARMAOPTICS,"CAMPANAR, OPTICA CAMPANAR S.L",002611,002611,,MAC,,0,2,0.00,77.00,0.00,1.00,2,14,,,VALENCIA,"AVD.MEDICO VTE.TORRENT,15",VALENCIA,46015,963475047
CLIENTES IMPORTANTES,"CENTRO FARMACEUTICO (OPTICA)   CENTRO FARMACEUTICO, S.A.",001993,001993,Y31,MAC,,0,9,0.00,348.00,0.00,10.00,9,,,,VALENCIA,"GREMIS, 15 PGN. VARA",VALENCIA,46014,963830318
ZAS VISION,"FERRANLUZ, OPTICA FERRANDIZ LOPEZ ANSELMO",003588,000283,X60,MAC,,0,6,0.00,224.00,0.00,8.00,7,5,,,VALENCIA,"CADIZ, 49",VALENCIA,46006,963336280
CLIENTES IMPORTANTES,"LIZANDRA, OPTICA DIRGO S.L.",006399,006399,Z62,MAC,2,62,0,"2,542.00",0.00,65.00,0.00,,,33,2012-02-27,VALENCIA,"AV. MARQUES DE SOTELO, 7",VALENCIA,46002,963513818
FARMAOPTICS,OPTIFARMA COTINO SOLAZ MERCEDES,004074,004074,,MAC,,1,0,47.00,0.00,1.00,0.00,,,,,VALENCIA,"JAIME ESTEVE CUBELLS,1",VALENCIA,46020,963611155
ZAS VISION,"QUART, OPTICA SORIANO RAMS C.B.",003588,010200,,MAC,,,,,,,,0,9,,,VALENCIA,"QUART, 109-B",VALENCIA,46008,963821399
IMPORTANTES 1,"SANCHIS Y CHAMERO, FCIA.OPT.   SANCHIS Y CHAMERO, S.L.",008412,008412,,MAC,1,38,40,"1,393.00","1,531.00",41.00,42.00,42,17,41,2012-02-22,VALENCIA,"CONVENTO JERUSALEN, 22",VALENCIA,46007,963518334
REDVISUAL-PROVISION,"TECNO-LENT, OPTICA TECNO-LENT OPTICA, S.L.",008985,008985,,MAC,,,,,,,,12,,1,2012-04-20,VALENCIA,"CERAMISTA ROS, 18",VALENCIA,46014,963288595
,"VEGA, OPTICA VEGA CORELL OPTICOS, S.L.",011044,011044,,MAC,,1,0,58.00,0.00,1.00,0.00,,,,,VALENCIA,"PZA.SEGOVIA, 1",VALENCIA,46017,963283564
OPTIMIL ASOCIADOS,OPTIMIL VALLADA PASTOR BALAGUER PILAR,010515,010515,,MAC,,3,0,107.00,0.00,3.00,0.00,,,,,VALENCIA,"AVD.MOLINET, 2 BAJO",VALLADA (VALENCIA),46691,962257154
ALAIN AFFLELOU ASOC.,ALAIN AFFLELOU ASOCIADOS MARTINEZ FOLCH CARMEN,010355,010355,,MAC,,3,4,131.00,169.00,3.00,13.00,4,17,,,VALENCIA,"ALAMEDA JAUME I, 36",XATIVA (VALENCIA),46800,962280908
FEDEROPTICOS,"CANO, OPTICA FOLCH CANO ALICIA",003893,003893,,MAC,,0,0,0.00,0.00,0.00,-2.00,0,22,,,VALENCIA,"PZA. LA BASSA, 28",XATIVA (VALENCIA),46800,962276815
CIOSA,"IBORRA, OPTICA OPTICA ALEJANDRO IBORRA S.L.U",008337,012787,,MAC,,0,0,0.00,0.00,0.00,-1.00,0,35,,,VALENCIA,"CARLOS SARTHOU, 6",XATIVA (VALENCIA),46800,962275179
MULTIOPTICAS,"JATIVA, C.OPT. C.OPT. JATIVA, S.L.",001297,001297,M07,MAC,,0,1,0.00,35.00,0.00,1.00,1,6,,,VALENCIA,BAJADA DE LA ESTACION 6,XATIVA (VALENCIA),46800,962277729
PREFERENTES,MARTINEZ OPTICOS FOLCH MARTINEZ CARMEN,006224,006224,,MAC,,3,0,121.00,0.00,3.00,0.00,,,,,VALENCIA,"PZA. ESPAÑOLETO, 4",XATIVA (VALENCIA),46800,962271985
PREFERENTES,"PILAR ARANDA, OPTICA ARANDA BELLVER PILAR",006611,006611,,MAC,,-1,9,-43.00,406.00,0.00,11.00,10,-1,,,VALENCIA,"TROBAT, 24",XATIVA (VALENCIA),46800,962274799
CLIENTES IMPORTANTES,"VICENTE SANCHO, OPTICA MULTIJOYA, S.L.",011081,011081,,MAC,,1,15,48.00,616.00,-1.00,15.00,28,,14,2011-11-29,VALENCIA,"ALAMEDA JAUME I, 24",XATIVA (VALENCIA),46800,962273029
IMPORTANTES 1,"CENTRAL OPTICA FRONTOMAN, S.A.",000106,000106,,MAX,,0,1,0.00,55.00,0.00,0.00,7,3,,,ALBACETE,"ROSARIO, 62",ALBACETE,02003,967226368
CIOSA,"CLAMOR, C.OPT. OPT.BRAVO Y CLAMOR, C.B.",008337,000355,,MAX,,0,5,0.00,311.00,0.00,5.00,5,,,,ALBACETE,"ROSARIO, 11",ALBACETE,02001,967212086
,"COVI, OPTICA ROMERO HERNANDEZ AMPARO",010542,010542,,MAX,,,,,,,,0,0,,,ALBACETE,"GAONA, 2",ALBACETE,02002,967521010
CECOP,"GARVI, OPT. LOPEZ CRUZ HUMILDAD",003387,003387,,MAX,,0,3,0.00,172.00,0.00,8.00,5,,,,ALBACETE,C/PADRE ROMANO 12,ALBACETE,02005,967520777
CLIENTES IMPORTANTES,"LUIS DIEZ, GRUPO DE MODA MAMPIMAN 3000 ALBACETE, S.L.",011661,011661,,MAX,,,,,,,,0,1,,,ALBACETE,"OCTAVIO CUARTERO, 8 ESQ. MARQUES DE VILLARES",ALBACETE,02003,967247754
CIOSA,M.DOLORES MARIN CILLER MARIN CILLER DOLORES,008337,001479,,MAX,,,,,,,,0,0,,,ALBACETE,"TINTE, 23",ALBACETE,02001,967217568
MULTIOPTICAS,"PEREZ SETIEN, OPTICA PEREZ SETIEN S.A.",001145,001145,M06,MAX,,-4,12,-202.00,668.00,0.00,12.00,21,-1,10,2011-11-08,ALBACETE,"ROSARIO, 35",ALBACETE,02001,967214821
CECOP,"HOYOS, C.OPT. HOYOS COSTA RAQUEL",008293,008293,,MAX,,,,,,,,0,5,,,ALBACETE,"SAN FRANCISCO, 1",ALMANSA (ALBACETE),02640,967343450
MULTIOPTICAS,MULTIOPTICAS OPTICA FAJARDO C.B.,007943,007943,M06,MAX,,5,7,298.00,408.00,5.00,7.00,9,6,5,2012-03-14,ALBACETE,"GRAN VIA, 25",HELLIN (ALBACETE),02400,967302832
MULTIOPTICAS,"PEREZ SETIEN, OPTICO LA RODA VISION S.L.",005251,005251,M06,MAX,,0,1,0.00,61.00,0.00,2.00,1,0,,,ALBACETE,"PZ. MAYOR, 18","RODA, LA (ALBACETE)",02630,967441860
FEDEROPTICOS,"CONTRERAS, C.OPT. C.OPT.CONTRERAS,S.L.",004075,004075,,MAX,,6,0,341.00,0.00,1.00,0.00,9,1,14,2011-11-08,ALBACETE,"GRACIANO ATIENZA, 7",VILLARROBLEDO(ALBACETE),02600,967142846
CIOSA,"ALCOY 2 OPTICA BELEN MUNTANER, S.L.",008337,008685,X34,MAX,,,,,,,,-2,0,,,ALICANTE,"ALZAMORA, 44 C.C. ALZAMORA",ALCOY (ALICANTE),03802,965335801
ZAS VISION,"FRANCES, OPTICA FRANCES VILAPLANA Mª ANGELES",003588,005116,,MAX,1,2,13,120.00,786.00,3.00,18.00,22,13,3,2012-03-09,ALICANTE,"SANTA  ROSA, 18",ALCOY (ALICANTE),03802,965331083
CLARAVISION,CLARAVISION 12 ALCOY OPTICA CLARAVISION ALCOY S.L.L,011640,011640,,MAX,,0,-1,0.00,-47.00,0.00,0.00,-1,2,,,ALICANTE,"AVD.ALAMEDA, 71",ALCOY(ALICANTE),03802,965523307
VISTALIA,"NOVALUZ, OPT. NOVALUZ S.L.",007713,007713,,MAX,,,,,,,,0,1,,,ALICANTE,"AVD.PAIS VALENCIANO, 10 LOCAL  9",ALFAZ DEL PI (ALICANTE),03580,966860020
OPTIMIL ASOCIADOS,"AZUL MARINO, C.OPT. CORREAS LORENTE ISABEL",008395,008395,,MAX,,,,,,,,0,1,,,ALICANTE,"AVD. DE LA ESTACIóN, 20",ALICANTE,03005,965217718
PREFERENTES,"CAMBRODI, OPTICA OPTICA CAMBRODI, S.L",012629,012629,,MAX,,0,4,0.00,241.00,0.00,6.00,6,12,,,ALICANTE,"PLAZA PIO XII, 6",ALICANTE,03013,965208564
IMPORTANTES 1,"O'DONNELL, C.OPT. O'DONNELL CENTRO OPTICO, S.L.",007236,007236,,MAX,,,,,,,,-1,0,,,ALICANTE,"O'DONNELL, 16",ALICANTE,03003,965202200
,"ROMEU, OPTICA ROMEU CARRATALA LUIS IGNACIO",010239,010239,,MAX,,0,1,0.00,72.00,0.00,1.00,1,,,,ALICANTE,"AVD. DE ALCOY, 47 BAJO",ALICANTE,03009,965241135
IMPORTANTES 1,"SAN MATEO, OPT. PROFESALUD, S.L",012760,012760,Y40,MAX,,0,23,0.00,"1,329.00",0.00,24.00,38,,14,2011-09-09,ALICANTE,"SAN MATEO, 24",ALICANTE,03013,965209155
CIOSA,"SANTO DOMINGO, OPTICA OPTICA STO.DOMINGO, C.B.",008337,003543,,MAX,,0,-1,0.00,-84.00,0.00,0.00,-1,,,,ALICANTE,"CONCEJAL L.LLANERAS, 2",ALICANTE,03005,965922655
IMPORTANTES 1,"SAMPERE, OPTICA SEMPERE MTNEZ MANUEL LUIS",005789,005789,Y29,MAX,,,,,,,,-1,,,,ALICANTE,"PINTOR SOROLLA, 43",ALMORADI (ALICANTE),03160,965700521
PREFERENTES,INTEROPTICA GREGORI SENDRA JOSEFA MARIA,008855,008855,,MAX,,0,3,0.00,182.00,0.00,3.00,3,0,,,ALICANTE,"PJE.CONSTITUCION, 4 LOCAL-13",ALTEA (ALICANTE),03590,965843857
CIOSA,"OCULUS, OPTICA PUERTO CALPENA LUIS",008337,011511,,MAX,,0,-2,0.00,-124.00,0.00,0.00,-2,18,,,ALICANTE,"AVD.PADRE ISMAEL, 61",ASPE (ALICANTE),03680,965491820
FARMAOPTICS,"JEOJ, OPT. JOAQUIN ORTIZ S.L.",002983,002983,,MAX,,,,,,,,0,0,,,ALICANTE,TOMAS ORTUÑO. 65,BENIDORM (ALICANTE),03501,965850028
CIOSA,"LA CALA, OPTICA OPTICA LA CALA, S.L.",008337,008308,,MAX,,3,1,226.00,49.00,3.00,0.00,1,1,,,ALICANTE,"AV. VILLAJOYOSA, 28",BENIDORM (ALICANTE),03502,966807256
CLIENTES IMPORTANTES,"VEGA BAJA, OPTICA PINA NOGUERA PATRICIA",006972,006972,,MAX,,,,,,,,0,-1,,,ALICANTE,"DESAMPARADOS, 9",CALLOSA SEGURA (ALICANTE),03360,966758838
CIOSA,"ATHAVI, OPTICA ATHANE FERNANDEZM ANUNCIACION",008337,008925,,MAX,,1,1,61.00,67.00,1.00,1.00,9,0,,,ALICANTE,"GABRIEL MIRO, 33",CALPE (ALICANTE),03710,965875574
CLIENTES IMPORTANTES,"EL ALTET, C.OPT. CANDELA BOTELLA SUSANA",005890,005890,,MAX,,0,15,0.00,851.00,0.00,15.00,15,0,,,ALICANTE,"AV. DAMA DE ELCHE, 7",EL ALTET (ALICANTE),03195,965687833
ALAIN AFFLELOU ASOC.,ALAIN AFFLELOU ASOCIADOS ENA OPTICAS S.L.,011449,011449,,MAX,,0,14,0.00,773.00,0.00,17.00,16,,,,ALICANTE,"C/ CORREDERA , 53",ELCHE (ALICANTE),03202,965450696
CECOP,"AVENIDA, C.OPT. SANCHEZ GOMEZ MIRIAM",007160,007160,,MAX,,0,1,0.00,52.00,0.00,0.00,1,-1,,,ALICANTE,"AVDA.ALICANTE, 87",ELCHE (ALICANTE),03202,966615215
CLIENTES IMPORTANTES,"ELCHE, C.OPT. ELCHE OPTICA TRADE S.L.",009114,009114,,MAX,,0,3,0.00,153.00,0.00,4.00,4,,,,ALICANTE,"REINA VICTORIA, 34",ELCHE (ALICANTE),03201,966660058
,"MADRID, OPTICA MARTINEZ PEREZ FRANCISCO",008235,008235,,MAX,,2,6,109.00,368.00,2.00,7.00,6,9,1,2012-01-26,ALICANTE,"JOSE NAVARRO ORTS, 20",ELCHE (ALICANTE),03205,965425207
CIOSA,"PUNTO OPTICO OPTIK SHOP, S.L.",008337,010973,,MAX,,-1,13,-51.00,713.00,0.00,15.00,14,,,,ALICANTE,"SAN VICENTE, 1",ELCHE (ALICANTE),03202,965453008
CECOP,CENTROVISION IRIS VICENTE CLIMENT PEDRO JOSE,003773,003773,,MAX,,1,0,57.00,0.00,1.00,0.00,,,,,ALICANTE,"ANTONIA SANSANO FRANCO, 24",ELCHE-ALICANTE,03204,966631157
IMPORTANTES 1,B.&.N OPTICAS CALLADO CRESPI ESPERANZA,008317,008317,,MAX,,-2,8,-106.00,429.00,0.00,9.00,8,7,,,ALICANTE,"ANTONINO VERA, 31",ELDA (ALICANTE),03600,966982171
CLIENTES IMPORTANTES,"ELDA, C.OPT. ELDA INVERSIONES DE OPTICA S.L",009301,009301,Y72,MAX,,0,-1,0.00,-55.00,0.00,0.00,-1,,,,ALICANTE,"PADRE MANJON, 4",ELDA (ALICANTE),03600,965393526
IMPORTANTES 1,"OPTIVER OPTIVER OPTICOS, S.L.",006046,006046,Y57,MAX,,,,,,,,1,-1,,,ALICANTE,"PADRE MANJON, 9",ELDA (ALICANTE),03600,965381198
IMPORTANTES 1,SAN MATEO  II SAN MATEO S.L.,000655,000655,Y40,MAX,,0,-1,0.00,-61.00,0.00,0.00,-2,0,,,ALICANTE,"REYES CATOLICOS, 14",ELDA (ALICANTE),03600,965397197
VISTALIA,VISTALIA GUARDAMAR TORREGROSA FDEZ ENCARNACION,005319,005319,,MAX,,,,,,,,0,2,,,ALICANTE,"MAYOR, 23",GUARDAMAR (ALICANTE),03140,965727201
REDVISUAL-PROVISION,"IBIOPTICS, OPT. ANTONIO SOLA ALCOLEA",011904,011904,,MAX,,0,-1,0.00,-64.00,0.00,-1.00,-2,13,,,ALICANTE,"PZA. MIGUEL SERVET,4",IBI (ALICANTE),03440,966553690
,"ANA, OPTICA ALCOLEA GONZALEZ ANA",004410,004410,,MAX,,,,,,,,1,0,,,ALICANTE,"RICARDO LEAL, 1",MONOVAR (ALICANTE),03640,966960621
NATURAL OPTICS,"NOVELDA, C.OPT. MARTINEZ GARCIA JUAN",005106,005106,,MAX,,,,,,,,0,-2,,,ALICANTE,"JAIME II, 44",NOVELDA (ALICANTE),03660,965624655
IMPORTANTES 1,SAN MATEO SAN MATEO S.L.,007115,007115,Y40,MAX,,0,-1,0.00,-69.00,0.00,0.00,-1,,,,ALICANTE,"JAIME II, 14",NOVELDA (ALICANTE),03660,965606729
CLIENTES IMPORTANTES,"AGRASOT, OPTICA OPTICA AGRASOT, S.L.",009039,009039,,MAX,,0,1,0.00,66.00,0.00,0.00,,,,,ALICANTE,"PINTOR AGRASOT, 44",ORIHUELA (ALICANTE),03300,965303061
CIOSA,INNOVISION CENTRO OPTICO INNOVISION C.B.,008337,006742,,MAX,,0,14,0.00,785.00,0.00,14.00,15,,,,ALICANTE,"JOSE ANTONIO, 14",ORIHUELA (ALICANTE),03300,965304937
PREFERENTES,"PERALTA, OPTICA PERALTA RODRIGUEZ JULIO",011058,011058,,MAX,,1,17,63.00,"1,082.00",-1.00,22.00,24,,6,2011-10-25,ALICANTE,"TENIENTE LINARES, 10",ORIHUELA (ALICANTE),03300,965300779
CIOSA,"COSTA, OPTICA COSTA DURA ADELA",008337,005021,,MAX,,4,0,261.00,0.00,5.00,0.00,0,11,,,ALICANTE,"AVDA. JAIME I, 56",PEDREGUER (ALICANTE),03750,966456504
CECOP,"PEGO, OPTICA MENGUAL TAVALLO GLORIA",009259,009259,,MAX,,1,1,53.00,55.00,0.00,0.00,11,3,12,2011-09-30,ALICANTE,"JAIME I, 2",PEGO (ALICANTE),03780,965572326
NATURAL OPTICS,VISUAL 20 PRIETO HERNANDEZ FRANCISCO,010153,010153,,MAX,,,,,,,,0,1,,,ALICANTE,"HISTORIADOR VICENTE RAMOS, 3",PLAYA DE SAN JUAN (ALICANT,03540,965157240
PREFERENTES,"RODRIGUEZ, OPTICA OPTICA URBANIZACION, S.L.",009208,009208,,MAX,,,,,,,,0,1,,,ALICANTE,"AVD.LAS NACIONES, 1A LOCAL 7   URB.CIUDAD QUESADA",ROJALES (ALICANTE),03170,966717091
ALAIN AFFLELOU ASOC.,ALAIN AFFLELOU ASOCIADOS ENA OPTICAS S.L,012420,012420,,MAX,,0,10,0.00,560.00,0.00,11.00,11,,,,ALICANTE,"AV. ALICANTE,24 BAJO",S VICENTE RASPEIG(ALICANTE,03690,966370920
CLIENTES IMPORTANTES,OPTIMA GRUPO OPT.VICTORIA PLAYA S.L.,011676,011676,Z60,MAX,,,,,,,,0,-1,,,ALICANTE,"AMSTERDAM, LOCAL 14 B URB.LA MARINA",SAN FULGENCIO (ALICANTE),03177,965419181
IMPORTANTES 1,"CHANTAL, OPTICA (SOL) OPCHANTAL S.L.",002091,002091,Y30,MAX,,0,10,0.00,551.00,0.00,14.00,14,,,,ALICANTE,"RAMON GALLUD, 62",TORREVIEJA (ALICANTE),03181,965706077
IMPORTANTES 1,"CHANTAL, OPTICA (VISTA) SANCHEZ TORDJMACHANTAL FELISA",006729,006729,Y30,MAX,,,,,,,,0,17,,,ALICANTE,"RAMON GALLUD, 60  A",TORREVIEJA (ALICANTE),03181,965711868
REDVISUAL-PROVISION,"TOMAS ROCHA, OPTICA INMOMIX VISION, S.L.U.",012513,012513,,MAX,,,,,,,,0,5,,,ALICANTE,"COLON, 6",VILLAJOYOSA (ALICANTE),03570,966851018
OPTICALIA,"MURILLO OPTICOS MURILLO OPTICOS, S.C.",006436,006436,,MAX,,,,,,,,-2,-1,,,ALICANTE,"JOAQUIN MARIA LOPEZ, 15",VILLENA (ALICANTE),03400,965801495
CLIENTES IMPORTANTES,"PARRA, OPT. OPTICA PARRA S.L",002341,002341,,MAX,,6,2,343.00,110.00,0.00,7.00,14,5,12,2011-12-01,ALICANTE,"TRINIDAD, 17",VILLENA (ALICANTE),03400,965802227
IMPORTANTES 1,"MAESTRAT, OPTICA OPTICA MAESTRAT, S.L.",004526,004526,Z65,MAX,,,,,,,,0,-7,,,CASTELLON,"PZA.MERCAT, 7",BENICARLO (CASTELLON),12580,964460325
CIOSA,"ELIPE, C.OPT. C.OPT.ELIPE, C.B.",008337,003367,,MAX,,,,,,,,-1,1,,,CASTELLON,"SAN FELIX, 25",CASTELLON,12004,964250490
REDVISUAL-PROVISION,"ORTEGA MARCO, OPT. ORTEGA MARCO, MARIA JOSE",000997,000997,W53,MAX,,0,-1,0.00,-62.00,0.00,0.00,-1,4,,,CASTELLON,"HERRERO, 52",CASTELLON,12005,964207190
ALAIN AFFLELOU ASOC.,"ALAIN AFFLELOU CASTELLON OPTICAS AZAHAR, S.L",013371,013371,,MAX,,1,0,53.00,0.00,1.00,0.00,,,,,CASTELLON,"AVDA. DEL MAR, S/N C.C.CARREFOUR CASTELLON",CASTELLON DE LA PLANA,12003,686930289
OPTIMIL ASOCIADOS,"CADENA VISUAL OPTIMIL CADENA VISUAL, S.A.",006479,006479,,MAX,,-33,1,"-1,614.00",59.00,1.00,26.00,5,205,,,CASTELLON,"CALLE G, PARCELA 301 POL. IND. LA MEZQUITA",LA VALL D'UXO (CASTELLON),12600,902180247
CECOP,"ONDA, C.OPT. BRIONES GALVEZ, S.L.",008824,008824,,MAX,,,,,,,,0,1,,,CASTELLON,"AVDA.PAIS VALENCIANO, 45",ONDA (CASTELLON),12200,964604140
CIOSA,VISION SEGORBE SANCHEZ MARIN CESAR,008337,008847,,MAX,,0,12,0.00,654.00,0.00,15.00,15,,,,CASTELLON,"PZA.REY DON JAIME I, 1 BAJO",SEGORBE (CASTELLON),12400,964710026
CECOP,"ESTEVE, OPTICA ESTEVE ESCOBEDO FRANCISCO",007954,007954,,MAX,,,,,,,,1,,,,CASTELLON,"BENIGAFULL, 5",VALL DE UXO (CASTELLON),12600,964690136
PREFERENTES,"VILA-REAL, OPT. VILA-REAL, C.B.",003575,003575,,MAX,,2,9,116.00,565.00,0.00,10.00,13,11,5,2011-11-26,CASTELLON,"DOCTOR FONT,17",VILAREAL (CASTELLON),12540,964531368
MULTIOPTICAS,"BARREDA, OPTICA BARREDA CALLAU VICENTE EMILIO",000060,000060,M10,MAX,,0,0,0.00,0.00,0.00,22.00,22,0,,,CASTELLON,"PZ. SAN ANTONIO, 20 BIS",VINAROZ (CASTELLON),12500,964450248
ZAS VISION,C.OPT.AGUILAS SALUD VISUAL PINAR NAVARRO S.L,003588,003876,X21,MAX,,,,,,,,0,12,,,MURCIA,"CONDE DE ARANDA, 20",AGUILAS (MURCIA),30880,968448255
CECOP,ESTHER LOPEZ GIMENEZ LOPEZ GIMENEZ ESTHER,008954,008954,,MAX,,,,,,,,0,-1,,,MURCIA,"AVD.BASTARRECHE, 33 A",ALHAMA DE MURCIA (MURCIA),30840,868921818
VISTALIA,"FUENTES, OPTICA TAHERY GHALEH-NOW SEYED JAFAR",009248,009248,,MAX,,,,,,,,0,-1,,,MURCIA,"MAYOR, 2",BENIAJAN (MURCIA),30570,968820685
CIOSA,"LEDESMA, OPTICA LEDESMA GONZALEZ BEGO£A",008337,002525,,MAX,,,,,,,,0,1,,,MURCIA,"C/MARUJA GARRIDO, 4. BAJO",CARAVACA (MURCIA),30400,968703197
CIOSA,"CARTAGOVISION, OPTICA COMERCIAL HDEZ-ARDIETA, S.L.",008337,007313,,MAX,,,,,,,,0,2,,,MURCIA,"JUAN FERNANDEZ, 21",CARTAGENA (MURCIA),30204,968520297
CLIENTES IMPORTANTES,"LAN, OPTICA OPTICA LAN, S.L",009424,009424,X15,MAX,,,,,,,,0,4,,,MURCIA,"VENECIA, 36 LOCAL 8 POL.IND. SANTA ANA",CARTAGENA (MURCIA),30319,968515846
VISTALIA,"MIGUEL ANGEL, OPTICA GEA VALCARCEL MIGUEL ANGEL",003993,003993,,MAX,,,,,,,,0,1,,,MURCIA,"ALFONSO XIII, 64",CARTAGENA (MURCIA),30203,968121088
IMPORTANTES 1,OXFORD CENTRO VISION RODERO PATERNA MARIA JOSE,000562,000562,Y39,MAX,,,,,,,,-1,0,,,MURCIA,"PUERTA DE MURCIA, 6-8",CARTAGENA (MURCIA),30201,968507592
CIOSA,EUROPTICA GARCIA SANCHEZ AMPARO,008337,007306,,MAX,,,,,,,,0,5,,,MURCIA,"BUEN SUCESO, 53",CIEZA (MURCIA),30530,968455297
CECOP,"FONTANA, OPTICA OPTICA FONTANA C.B.",008845,008845,,MAX,,,,,,,,0,1,,,MURCIA,"AVD.FILIPINAS, 30",EL ALGAR (MURCIA),30366,968136435
CIOSA,"EL RAAL, OPTICA OPTICA EL RAAL, S.L.L.",008337,006700,,MAX,,0,1,0.00,49.00,0.00,1.00,1,-2,,,MURCIA,"C/ MAYOR, 343",EL RAAL ( MURCIA ),30139,968870199
IMPORTANTES 1,"OXFORD, OPTICA SANCHEZ RODERO MARIA JOSE",005721,005721,Y39,MAX,,,,,,,,0,-3,,,MURCIA,"GRAN VIA, 56",FUENTE ALAMO (MURCIA),30320,968597999
,"CORREDERA, OPT. OPTICA CORREDERA, S.L.",010993,010993,,MAX,,,,,,,,0,0,,,MURCIA,"CORREDERA, 26",LORCA (MURCIA),30800,968478479
MULTIOPTICAS,"CRISTAL, OPTICA GERMANOPTIC S.L.",003311,003311,Y15,MAX,,0,1,0.00,50.00,0.00,-1.00,1,6,,,MURCIA,"AV. JUAN CARLOS I, 23",LORCA (MURCIA),30800,968467905
CIOSA,"SANTA ROSA, C.OPT. GARCIA-BAYONAS PARDO MANUEL",008337,004603,,MAX,,0,2,0.00,109.00,0.00,2.00,1,5,,,MURCIA,"LOPE GISBERT, 25",LORCA (MURCIA),30800,968465653
REDVISUAL-PROVISION,"VISUAL, OPTICO ROMERO FERNANDEZ RAMON",008779,008779,,MAX,,,,,,,,1,,,,MURCIA,"AVD.SAN JUAN BOSCO, 23",LOS DOLORES-CARTAGENA (MUR,30310,968310342
IMPORTANTES 1,"VIREX, OPTICA VICENTE REX FCO JOSE",005446,005446,Y46,MAX,,0,1,0.00,63.00,0.00,-2.00,1,6,,,MURCIA,"SANTA TERESA, 7",MOLINA DE SEGURA (MURCIA),30500,968642832
REDVISUAL-PROVISION,"BELO, OPTICA OPTICA BELO, S.L.",000065,000065,,MAX,,0,1,0.00,60.00,0.00,1.00,1,0,,,MURCIA,"PLATERIA, 4",MURCIA,30004,968213202
CLIENTES IMPORTANTES,"GRAN VISION, OPTICA PEREZ PUCHE JULIAN JOSE",008581,008581,,MAX,,4,18,201.00,"1,046.00",5.00,18.00,18,,4,2012-01-25,MURCIA,"ALAMEDA CAPUCHINOS, 6",MURCIA,30002,968937386
CECOP,IVISUAL CUADRUPANI BOSQUED ANTONIA,008695,008695,,MAX,,,,,,,,0,5,,,MURCIA,"PASEO DUQUES DE LUGO, S/N",MURCIA,30009,968297392
CIOSA,"MEDICA, OPTICA OPTICA MEDICA, C.B.",008337,001740,,MAX,,1,0,49.00,0.00,1.00,0.00,,,,,MURCIA,"CEBALLOS, 5",MURCIA,30003,968909790
CLIENTES IMPORTANTES,MORA S.L.-GRADUADO-,007519,007519,Y56,MAX,1,2,2,109.00,109.00,3.00,6.00,11,,3,2012-03-01,MURCIA,"PUXMARINA, 1",MURCIA,30004,968217777
CLIENTES IMPORTANTES,"SOCIEDAD, OPTICA A.GARCIA MERINO Y OTRA C.B.",009831,009831,,MAX,,3,4,168.00,220.00,3.00,1.00,4,8,,,MURCIA,"SOCIEDAD, 9",MURCIA,30004,968225097
CIOSA,"UNIVERSIDAD, OPT. UNIVERSIDAD,S.L.OPTICA",008337,001201,,MAX,,,,,,,,3,,,,MURCIA,"SANTO CRISTO, 9",MURCIA,30001,968236364
FEDEROPTICOS,"VISTA ALEGRE, OPTICA PILAR MARIN, PABLO NAVARRO C.B",006134,006134,,MAX,,,,,,,,0,7,,,MURCIA,"MARIA MAROTO, 14",MURCIA,30007,968241726
FARMAOPTICS,NUR CENTRO OPTICO MARTINEZ GUIL GLORIA,013347,013347,,MAX,,,,,,,,0,5,,,MURCIA,"PEDRARIAS DAVILA, 10 BAJO",POZO ESTRECHO (MURCIA),30594,968556453
CECOP,LOYRA OPTICOS CASTAÑO LOPEZ CRISTINA,011262,011262,,MAX,,,,,,,,0,1,,,MURCIA,"AVD.ROLDAN, 85",TORRE PACHECO (MURCIA),30700,968576374
ZAS VISION,"PRINCIPAL, OPTICA OPT. PRINCIPAL Y ASOCIADOS S.L",003588,013043,,MAX,,0,1,0.00,52.00,0.00,0.00,1,10,,,MURCIA,"MAYOR, 108","UNION, LA (MURCIA)",30360,968560429
CECOP,"ZENETA, C.OPT. HUERTA GUTIERREZ MIGUEL",005967,005967,,MAX,,,,,,,,0,3,,,MURCIA,"AV. JUAN CARLOS I, 101 A",ZENETA (MURCIA),30588,968854054
CECOP,"MONTRULL, OPTICA MONTRULL PERALES M TERESA",003819,003819,,MAX,,0,8,0.00,461.00,0.00,10.00,9,13,,,VALENCIA,"CERVANTES,4",ALGEMESI (VALENCIA),46680,962481189
FARMAOPTICS,ALMASSERA FERNANDEZ-VICENTI GARRIDO EMMA,005644,005644,,MAX,,,,,,,,8,23,8,2011-08-30,VALENCIA,"VALENCIA, 1",ALMASSERA (VALENCIA),46132,961858533
PRIMERA OPTICOS,"AVENIDA, OPTICA VIRGEN DE LUJAN S.L.",002425,002425,,MAX,,,,,,,,0,14,,,VALENCIA,"NUESTRA SEÑORA DEL LUJAN, 1 APARTADO DE CORREOS 153",ALZIRA (VALENCIA),46600,962401415
PREFERENTES,"BELLREGUARD, OPT. ESCRIVA BLASCO MIRIAM",003941,003941,,MAX,,2,0,123.00,0.00,2.00,0.00,3,1,,,VALENCIA,"REI EN JAUME, 6",BELLREGUART (VALENCIA),46713,962815251
REDVISUAL-PROVISION,"CLERIGUES, OPTICA CLERIGUES BALTASAR CARMEN",008733,008733,,MAX,,,,,,,,-1,6,,,VALENCIA,"ANGEL, 15",BENIFAYO (VALENCIA),46450,961780017
CECOP,"ALCOCER, C.OPT. OPTICA ALCOCER, C.B.",008652,008652,,MAX,,,,,,,,0,3,,,VALENCIA,"CARRETERA LIRIA, 25",BURJASOT (VALENCIA),46100,963638070
OPTIMIL ASOCIADOS,OPTIMIL BURJASOT ALONSO MARTINEZ CARMEN,006479,013419,,MAX,,0,-1,0.00,-40.00,0.00,0.00,-1,0,,,VALENCIA,"PZA.GOMEZ FERRER, 2",BURJASOT (VALENCIA),46100,963639409
VISTALIA,"CARCAGENTE, C.OPT. CENTRE OPTIC CARCAIXENT S.L.",004718,004718,,MAX,,0,5,0.00,305.00,0.00,9.00,8,15,,,VALENCIA,"JULIAN RIBERA, 32",CARCAIXENT (VALENCIA),46740,962460435
CIOSA,"CARLET, OPT. OPTICA CARLET S.L.",008337,003651,,MAX,,,,,,,,0,9,,,VALENCIA,"BALAGUER,2",CARLET (VALENCIA),46240,962532071
ZAS VISION,"CREMADES, OPTICA OPTICA CREMADES S.L.",003588,010292,,MAX,,2,0,112.00,0.00,0.00,-1.00,10,18,15,2011-10-16,VALENCIA,"AV. VALENCIA, 25",CASINOS (VALENCIA),46171,962700274
,"CATARROJA, OPT. C. OPT. POBLA LLARGA, S.L",012938,012938,,MAX,,0,1,0.00,53.00,0.00,1.00,1,18,,,VALENCIA,"RAMóN Y CAJAL, 49",CATARROJA (VALENCIA),46470,961266238
OPTICALIA,OPTICA CATARROJA OPTICA LA POBLA S.L.,012306,012306,,MAX,,0,27,0.00,"1,452.00",-3.00,29.00,48,,19,2011-10-13,VALENCIA,"RAMON Y CAJAL, 49",CATARROJA (VALENCIA),46470,961266238
PRIMERA OPTICOS,"LOZANO, OPT. OPTICAS LOZANO S.L.",003157,003157,,MAX,,1,0,57.00,0.00,1.00,0.00,7,15,7,2011-06-28,VALENCIA,"CHIVA, 39",CHESTE (VALENCIA),46380,962510797
FARMAOPTICS,SANZ. OPT. SANZ CASANOVA PURIFICACION,003427,003427,,MAX,,1,1,56.00,69.00,1.00,1.00,16,45,23,2011-09-19,VALENCIA,"CTRA. TORRENTE, 26",CHIRIVELLA (VALENCIA),46950,963833486
CIOSA,"CHIVA, OPT. AVIÑO IGUAL Mª GEMMA",008337,007049,,MAX,,1,0,54.00,0.00,-1.00,0.00,1,0,2,2011-11-26,VALENCIA,"DR. NACHER, 62",CHIVA (VALENCIA),46370,962522234
PREFERENTES,"ARGENTE, OPTICA OPTICA ARGENTE S.L",013167,013167,,MAX,,,,,,,,0,-1,,,VALENCIA,"LA MARINA,2",CULLERA (VALENCIA),46400,961723735
VISTALIA,"ENGUERA, OPT. MARTINEZ GARRIDO CELIA",007607,007607,Y32,MAX,,0,3,0.00,170.00,0.00,3.00,3,,,,VALENCIA,"PZA. DEL CONVENTO, 9",ENGUERA (VALENCIA),46810,962224808
MULTIOPTICAS,"BORJA II, OPTICA BORJA ALBI LUIS",000070,000070,X13,MAX,,,,,,,,-1,13,,,VALENCIA,"PASEO GERMANIAS, 69",GANDIA (VALENCIA),46700,962860911
IMPORTANTES 1,"BORJA, OPTICA BORJA OPTICOS, S.L",000069,000069,M04,MAX,,0,-5,0.00,-292.00,0.00,0.00,-4,-1,,,VALENCIA,"SAN FRANCISCO BORJA, 57 APARTADO DE CORREOS, 122",GANDIA (VALENCIA),46700,962872444
CLIENTES IMPORTANTES,"GONZALO, OPTICO OPTICA GONZALO, S.L.",006006,006006,,MAX,,20,15,"1,118.00",926.00,20.00,17.00,35,26,3,2012-01-17,VALENCIA,"PZ. LEANDRO CALVO, 2-B",GANDIA (VALENCIA),46700,962871407
CLIENTES IMPORTANTES,"PASCUAL, OPTICA S.GREGORI PASCUAL Y HNOS.",008084,008084,,MAX,,0,7,0.00,446.00,0.00,6.00,8,32,,,VALENCIA,"MAYOR, 25",GANDIA (VALENCIA),46700,962872290
OPTICALIA,"VELEZ, OPTICA OPTICA VELEZ, S.L.",005767,005767,,MAX,,0,3,0.00,174.00,0.00,5.00,4,8,,,VALENCIA,"P.GERMANIAS, 60",GANDIA (VALENCIA),46700,962877635
CIOSA,"RIBES, OPT. RIBES VICEDO INMACULADA",008337,003824,,MAX,,,,,,,,6,4,7,2011-10-19,VALENCIA,"DUQUE CARLOS DE BORJA, 18",GANDIA-VALENCIA,46701,962876084
CLIENTES IMPORTANTES,"LA ELIANA, C.OPT. CENTRE OPTIC L'ELIANA SL",007658,007658,,MAX,,0,13,0.00,769.00,0.00,20.00,18,6,,,VALENCIA,"MARQUES DE CACERES, 20",LA ELIANA (VALENCIA),46183,961656902
PREFERENTES,"MORDICK OPTICOS MORDICK SERVICIOS OPTICOS, S.L",010835,010835,,MAX,,,,,,,,0,1,,,VALENCIA,"AV.ALCALDE ENRIQUE DARIES, 5",LA ELIANA (VALENCIA),46183,962744482
,"LA POBLA, OPTICA C. OPT. LA POBLA LLARGA S.L",012939,012939,,MAX,,,,,,,,0,5,,,VALENCIA,"GLORIETA, 1 BAJO",LA POBLA LLARGA (VALENCIA),46670,962590522
CLARAVISION,"BONO CARRIO, OPTICA CARRIO SERVERA JULIAN",000187,000187,,MAX,,,,,,,,1,9,,,VALENCIA,"PLAZA MAYOR,6",LLOMBAY (VALENCIA),46195,962990940
ZAS VISION,"AVINGUDA JAUME I, OPT. OPTICA AVINGUDA JAUME I, S.L",003588,012246,,MAX,,,,,,,,1,,,,VALENCIA,"AVDA. JAUME I, 25",MONTSERRAT (VALENCIA),46192,962986021
MULTIOPTICAS,"BORJA, OPT. BORJA OPTICOS OLIVA S.L.",002714,002714,X13,MAX,3,8,6,481.00,304.00,10.00,7.00,19,27,8,2012-04-08,VALENCIA,ALEJANDRO CARDONA. 5,OLIVA (VALENCIA),46780,962839747
IMPORTANTES 1,"BORJA, OPTICA BORJA ASOCIADOS S.L.",002060,002060,M04,MAX,,,,,,,,2,0,,,VALENCIA,"GOMIS, 1",ONTENIENTE (VALENCIA),46870,962381827
CIOSA,"JORGE, OPTICA BENAVENT ALONSO JORGE",008337,004482,,MAX,1,6,15,326.00,885.00,7.00,17.00,27,12,7,2012-02-03,VALENCIA,"SAN JAIME, 1",ONTENIENTE (VALENCIA),46870,962911516
PRIMERA OPTICOS,NIKOL OPTICOS SERNA REVERT CONCEPCION,001975,001975,,MAX,,,,,,,,0,13,,,VALENCIA,"JOSE SIMO MARIN, 7",ONTENIENTE (VALENCIA),46870,962380954
CLARAVISION,CLARAVISION 4 ONTENIENTE OPTICA CLARAVISION VALENCIA SL,009916,009916,,MAX,,,,,,,,2,,,,VALENCIA,MARTINEZ VALLS Nº 27,ONTENIENTE(VALENCIA),46870,961911296
FARMAOPTICS,"ESTIL VISIO, OPT. PENADES Y TORRO INMA",003072,003072,,MAX,,,,,,,,9,,7,2011-09-16,VALENCIA,"SALVADOR TORMO, 32",ONTINYENT (VALENCIA),46870,962916151
ZAS VISION,"PALAU, OPT.PARAFARMACIA FAPEMAR 2009, S.L",003588,012942,,MAX,,,,,,,,0,24,,,VALENCIA,"MEDICO BALLESTER 17, BAJO",PATERNA (VALENCIA),46980,686170189
,"PATERNA, OPT. C. OPT. POBLA LLARGA, S.L",012936,012936,,MAX,,,,,,,,0,10,,,VALENCIA,"MAYOR, 7",PATERNA (VALENCIA),46980,961371775
ZAS VISION,"PORCAR, OPTICA PORCAR IZQUIERDO ESTEBAN",003588,005537,,MAX,,1,10,51.00,592.00,1.00,11.00,12,2,,,VALENCIA,POETA LLORENTE 9,POBLA VALLBONA (VALENCIA),46185,962760587
MULTIOPTICAS,"COMENGE, MULTIOPTICAS OPTICAS COMENGE, S.L",012921,012921,W43,MAX,,,,,,,,0,-1,,,VALENCIA,"CAMP DE MORVEDRE, 12",PUERTO SAGUNTO (VALENCIA),46520,962684291
CECOP,"VORA MAR, OPTICA MARTINEZ PAUL SOFIA",007979,007979,,MAX,,,,,,,,0,1,,,VALENCIA,"VIRGEN DEL CARMEN, 34",PUERTO SAGUNTO (VALENCIA),46520,962683331
FARMAOPTICS,CONCHA LUCENA LUCENA HERRAEZ CONCHA,004617,004617,,MAX,,,,,,,,0,3,,,VALENCIA,"TRAFALGAR, 30",QUART DE POBLET (VALENCIA),46930,961523186
PROGRAM ITALOVISION,"PROGRAM VISION UNAX OPTICA, S.L.L.",011141,011141,,MAX,,,,,,,,0,15,,,VALENCIA,"EL PESO, 22",REQUENA (VALENCIA),46340,962304381
REDVISUAL-PROVISION,"RIBELLES, OPTICA RIBELLES LERGA AMADEO",008242,008242,,MAX,,2,0,106.00,0.00,2.00,0.00,,,2,2012-02-21,VALENCIA,"HUERTOS, 25",SAGUNTO (VALENCIA),46500,962661212
ZAS VISION,"VISIO-LENT, OPT. TORMOS FELIP RAFAEL",003588,003148,,MAX,,0,1,0.00,58.00,0.00,0.00,,,,,VALENCIA,C/ VALENCIA 40 BAJO,SILLA (VALENCIA),46460,961211652
REDVISUAL-PROVISION,"ALTUR, OPTICA ALTUR ALTUR ESTEFANIA",011065,011065,,MAX,,0,2,0.00,106.00,0.00,2.00,2,0,,,VALENCIA,"FONT MENOR, 22",SIMAT VALLDIGNA (VALENCIA),46750,616345640
CLIENTES IMPORTANTES,"SIGNES, OPTICA SIGNES SANCHO VICENTA",002438,002438,,MAX,,1,14,57.00,837.00,0.00,15.00,21,20,7,2011-09-23,VALENCIA,"CULLERA, 37",SUECA (VALENCIA),46410,961703673
VISTALIA,"SUECA, OPTICA ESTORNELL IBOR MARIA TERESA",005608,005608,Y26,MAX,,,,,,,,2,7,,,VALENCIA,"MARE DE DEU, 4",SUECA (VALENCIA),46410,961712616
CECOP,"TALIO, OPTICA GOMEZ NAVARRO EDUARDO",000694,000694,,MAX,,0,10,0.00,614.00,0.00,11.00,20,0,9,2011-10-18,VALENCIA,"MARE DE DEU, 32",SUECA (VALENCIA),46410,961700892
CLIENTES IMPORTANTES,"ELSA, OPTICA ENGUIX MANCLUS ELSA",002112,002112,X90,MAX,,0,16,0.00,917.00,0.00,18.00,16,21,,,VALENCIA,"PASEO PAIS VALENCIANO, 1",TABERNES VALLDIGNA(VALENCI,46760,962823512
IMPORTANTES 1,PERFUMES ONLINE VALENCIA PERFUMES ONLINE VALENCIA S.L,012413,012413,Y35,MAX,,,,,,,,0,-27,,,VALENCIA,"DOCTOR BARRAQUER 7, BAJO",TAVERNES BLANQUES-VALENCIA,46016,902555145
ZAS VISION,"TAVERNES, OPTICA GRUPO MONOTROPA, S.L.",003588,008503,,MAX,,,,,,,,4,9,,,VALENCIA,"AUSIAS MARCH, 3 BAJO",TAVERNES BLANQUES-VALENCIA,46016,961861660
CECOP,CENTRE AUDIOPTIC PELLICER TALENS BENJAMIN,008841,008841,W44,MAX,,0,10,0.00,563.00,0.00,10.00,10,,,,VALENCIA,"AVD.GERMANIAS, 29",TAVERNES VALDIGNA-VALENCIA,46760,962837337
CLIENTES IMPORTANTES,"CHULIA, OPTICA OPTICAS CHULIA, S.L.",010521,010521,,MAX,,,,,,,,0,-1,,,VALENCIA,"FERNANDO FURIO ROCA, 4",TORRENT (VALENCIA),46900,961570347
CLIENTES IMPORTANTES,"NOVA VISIO, OPTICA NOVA VISIO TORRENT S.L.",007671,007671,,MAX,,-1,1,-54.00,41.00,0.00,-1.00,0,6,,,VALENCIA,"AZORIN, 38 BAJO",TORRENT (VALENCIA),46900,961567119
PRIMERA OPTICOS,"NUEVA OPTICA TORRENT NUEVA OPTICA TORRENT,S.L",002856,002856,X25,MAX,,0,16,0.00,906.00,0.00,16.00,23,,,,VALENCIA,"AVINGUDA AL VEDAT, 9",TORRENTE (VALENCIA),46900,961556011
PRIMERA OPTICOS,"VISUALTORRENT, S.L",010987,010987,,MAX,,0,15,0.00,853.00,0.00,15.00,15,,,,VALENCIA,"AVD.AL VEDAT, 117",TORRENTE (VALENCIA),46900,961080130
OPTICALIA,"UTIEL, OPTICALIA LOPEZ HERNANDEZ EVA Mª",013258,013258,,MAX,,,,,,,,0,2,,,VALENCIA,"SAN FERNANDO, 28",UTIEL (VALENCIA),46300,962172089
ZAS VISION,"BALLESTER, OPTICA OPTICA BALLESTER S.C.P.",003588,002041,,MAX,,10,15,495.00,851.00,13.00,14.00,37,36,10,2012-01-23,VALENCIA,"PZA.ENCARNACION, 2/ESQ.CARNIC.",VALENCIA,46001,963915631
IMPORTANTES 1,"BARELLES, OPTICA BARELLES PASTOR FRANCISCA",004295,004295,,MAX,,2,18,110.00,981.00,2.00,18.00,21,24,,,VALENCIA,"GUARDIA CIVIL, 22",VALENCIA,46020,963935074
PREFERENTES,"BILBAO, OPTICA CARBONEL GIMENO FILIBERTO",004057,004057,,MAX,,0,1,0.00,57.00,0.00,-1.00,1,10,,,VALENCIA,"BILBAO, 27",VALENCIA,46009,963666211
ZAS VISION,"CABAÑAL, C.OPT. BERNABEU PASCUAL",003588,004508,X03,MAX,,0,16,0.00,913.00,0.00,16.00,28,,12,2011-05-31,VALENCIA,"MEDITERRANEO, 26",VALENCIA,46011,963713274
CLIENTES IMPORTANTES,"CENTRO FARMACEUTICO (OPTICA)   CENTRO FARMACEUTICO, S.A.",001993,001993,Y31,MAX,,0,4,0.00,229.00,0.00,5.00,4,13,,,VALENCIA,"GREMIS, 15 PGN. VARA",VALENCIA,46014,963830318
PRIMERA OPTICOS,"CENTRO, OPT. RODILLA SUBIELA FCO JAVIER",002337,002337,,MAX,,0,-1,0.00,-59.00,0.00,0.00,-1,1,,,VALENCIA,"LOS DERECHOS, 37",VALENCIA,46001,963911096
ZAS VISION,"FERRANLUZ, OPTICA FERRANDIZ LOPEZ ANSELMO",003588,000283,X60,MAX,,1,4,55.00,216.00,1.00,7.00,6,2,,,VALENCIA,"CADIZ, 49",VALENCIA,46006,963336280
ZAS VISION,"FERRANLUZ, OPTICA FERRANDIZ LOPEZ ANSELMO",003588,002363,X60,MAX,,0,2,0.00,111.00,0.00,1.00,4,1,,,VALENCIA,"RUZAFA, 51",VALENCIA,46006,963749037
ZAS VISION,"INSA, OPTICA INSA ESCRIVA JOSE ANTONIO",003588,002444,,MAX,,,,,,,,0,2,,,VALENCIA,"TORRETA DE MIRAMAR, 1",VALENCIA,46020,963616992
OPTICALIA,INST.VALENCIANO DE LA VISION   INST.VALENCIANO VISION S.L,005544,005544,W52,MAX,,,,,,,,0,-7,,,VALENCIA,AVD. USIAS MARCH 33 BAJO ACC. C/RUBEN VELA S/N,VALENCIA,46013,963924456
CLIENTES IMPORTANTES,"JORGE, OPTICA RUIZ JORGE, S.L.",002541,002541,Y53,MAX,,,,,,,,0,12,,,VALENCIA,"BRASIL, 25",VALENCIA,46098,963599123
OPTIMIL ASOCIADOS,OPTIMIL CANDELA DIRUOP S.L.,009499,009499,,MAX,,,,,,,,0,1,,,VALENCIA,"MANUEL CANDELA, 38",VALENCIA,46021,963285580
IMPORTANTES 1,"PEPE BOSCA, OPTICO BOSCA FERRANDIS JOSE",000578,000578,,MAX,,,,,,,,0,-1,,,VALENCIA,"MARQUES DE TURIA, 53",VALENCIA,46005,963520326
ZAS VISION,ROIG OPTICOS HEREDEROS DE ROIG S.L,003588,011884,,MAX,,,,,,,,0,16,,,VALENCIA,"ALBORAYA, 28",VALENCIA,46010,963605982
CLIENTES IMPORTANTES,"RUIZ, OPTICA RUIZ JORGE, S.L.",000634,000634,Y53,MAX,,,,,,,,0,5,,,VALENCIA,"AVDA. DEL CID, 102",VALENCIA,46018,963798111
IMPORTANTES 1,"SANCHIS Y CHAMERO, FCIA.OPT.   SANCHIS Y CHAMERO, S.L.",008412,008412,,MAX,1,29,60,"1,465.00","3,305.00",31.00,63.00,63,35,31,2012-02-22,VALENCIA,"CONVENTO JERUSALEN, 22",VALENCIA,46007,963518334
REDVISUAL-PROVISION,"TECNO-LENT, OPTICA TECNO-LENT OPTICA, S.L.",008985,008985,,MAX,,1,0,56.00,0.00,-2.00,0.00,4,,6,2011-11-04,VALENCIA,"CERAMISTA ROS, 18",VALENCIA,46014,963288595
,"VEGA, OPTICA VEGA CORELL OPTICOS, S.L.",011044,011044,,MAX,1,0,0,0.00,0.00,1.00,0.00,,,,,VALENCIA,"PZA.SEGOVIA, 1",VALENCIA,46017,963283564
CECOP,"ZAPADORES, C.OPT. AHULLANA ALBELDA MARIA AMPARO",002458,002458,,MAX,,0,1,0.00,52.00,0.00,-1.00,2,18,,,VALENCIA,"ZAPADORES, 37",VALENCIA,46006,963747209
ALAIN AFFLELOU ASOC.,ALAIN AFFLELOU ASOCIADOS MARTINEZ FOLCH CARMEN,010355,010355,,MAX,1,2,1,106.00,53.00,1.00,5.00,5,10,,,VALENCIA,"ALAMEDA JAUME I, 36",XATIVA (VALENCIA),46800,962280908
FEDEROPTICOS,"CANO, OPTICA FOLCH CANO ALICIA",003893,003893,,MAX,,0,0,0.00,0.00,0.00,-2.00,8,16,8,2011-05-16,VALENCIA,"PZA. LA BASSA, 28",XATIVA (VALENCIA),46800,962276815
CIOSA,"IBORRA, OPTICA OPTICA ALEJANDRO IBORRA S.L.U",008337,012787,,MAX,,,,,,,,0,12,,,VALENCIA,"CARLOS SARTHOU, 6",XATIVA (VALENCIA),46800,962275179
MULTIOPTICAS,"JATIVA, C.OPT. C.OPT. JATIVA, S.L.",001297,001297,M07,MAX,,,,,,,,0,3,,,VALENCIA,BAJADA DE LA ESTACION 6,XATIVA (VALENCIA),46800,962277729
OPTICALIA,"JATIVA, OPTICALIA OPTICAS DE XATIVA Y CANALS,S.L",012769,012769,,MAX,,,,,,,,0,59,,,VALENCIA,"AV.  ALAMEDA JAIME I , 13",XATIVA (VALENCIA),46800,962276964
PREFERENTES,MARTINEZ OPTICOS FOLCH MARTINEZ CARMEN,006224,006224,,MAX,,-1,0,-55.00,0.00,0.00,0.00,3,,,,VALENCIA,"PZA. ESPAÑOLETO, 4",XATIVA (VALENCIA),46800,962271985
PREFERENTES,"PILAR ARANDA, OPTICA ARANDA BELLVER PILAR",006611,006611,,MAX,,0,4,0.00,244.00,0.00,6.00,6,2,,,VALENCIA,"TROBAT, 24",XATIVA (VALENCIA),46800,962274799
CECOP,"AMERICANA, OPT. OPTICA AMERICANA C.B.",007322,007322,,THF,14,25,0,"1,054.00",0.00,40.00,0.00,,,11,2012-04-11,ALBACETE,"MARQUES DE MOLINS, 17",ALBACETE,02001,967211592
IMPORTANTES 1,"CENTRAL OPTICA FRONTOMAN, S.A.",000106,000106,,THF,1,16,12,624.00,535.00,15.00,11.00,33,32,10,2011-06-12,ALBACETE,"ROSARIO, 62",ALBACETE,02003,967226368
CIOSA,"CLAMOR, C.OPT. OPT.BRAVO Y CLAMOR, C.B.",008337,000355,,THF,10,15,0,638.00,0.00,30.00,0.00,,,6,2012-04-11,ALBACETE,"ROSARIO, 11",ALBACETE,02001,967212086
OPTICALIA,"FERELEN OPTICOS FERELEN OPTICOS, S.R.L.L.",011558,011558,,THF,,1,0,59.00,0.00,1.00,0.00,30,,31,2011-06-08,ALBACETE,"PZA.ISABEL II, 1 BAJO",ALBACETE,02005,967605100
CECOP,"GARVI, OPT. LOPEZ CRUZ HUMILDAD",003387,003387,,THF,,4,0,181.00,0.00,-4.00,0.00,27,,31,2011-11-09,ALBACETE,C/PADRE ROMANO 12,ALBACETE,02005,967520777
CLIENTES IMPORTANTES,"LUIS DIEZ, GRUPO DE MODA MAMPIMAN 3000 ALBACETE, S.L.",011661,011661,,THF,,2,0,96.00,0.00,2.00,0.00,,,,,ALBACETE,"OCTAVIO CUARTERO, 8 ESQ. MARQUES DE VILLARES",ALBACETE,02003,967247754
FEDEROPTICOS,"MORENO, FEDEROPTICOS MORENO CIFUENTES JUAN ANGEL",008350,008350,,THF,,2,26,71.00,"1,272.00",2.00,26.00,28,,,,ALBACETE,"TEODORO CAMINO, 36",ALBACETE,02002,967227926
MULTIOPTICAS,"PEREZ SETIEN, OPTICA PEREZ SETIEN S.A.",001145,001145,M06,THF,11,24,21,"1,167.00","1,019.00",64.00,18.00,80,25,4,2012-04-02,ALBACETE,"ROSARIO, 35",ALBACETE,02001,967214821
PRIMERA OPTICOS,"VISUALENT, OPTICA VISUALENT 2000 S.L.",007071,007071,,THF,10,26,0,"1,241.00",0.00,37.00,0.00,,,37,2012-03-23,ALBACETE,"DIONISIO GUARDIOLA, 55",ALBACETE,02003,967511110
CECOP,"HOYOS, C.OPT. HOYOS COSTA RAQUEL",008293,008293,,THF,,1,0,38.00,0.00,0.00,0.00,44,,1,2011-09-29,ALBACETE,"SAN FRANCISCO, 1",ALMANSA (ALBACETE),02640,967343450
ZAS VISION,"LUCAS, OPTICA-JOYERIA FERNANDEZ ORTEGA LUCAS",003588,006680,,THF,,,,,,,,25,,26,2011-06-08,ALBACETE,"C/ LA ZAFRA, 21, BAJO",CAUDETE ( ALBACETE),02660,965827421
MULTIOPTICAS,MULTIOPTICAS OPTICA FAJARDO C.B.,007943,007943,M06,THF,4,9,0,468.00,0.00,14.00,0.00,21,,4,2012-04-02,ALBACETE,"GRAN VIA, 25",HELLIN (ALBACETE),02400,967302832
CECOP,"SOLER, OPTICO MARTINEZ SOLER MANUEL",005227,005227,,THF,,6,0,269.00,0.00,2.00,0.00,30,,20,2011-09-09,ALBACETE,"LOPEZ DEL ORO, 17",HELLIN (ALBACETE),02400,967301108
MULTIOPTICAS,"PEREZ SETIEN, OPTICO LA RODA VISION S.L.",005251,005251,M06,THF,,1,0,35.00,0.00,1.00,0.00,28,,14,2011-05-24,ALBACETE,"PZ. MAYOR, 18","RODA, LA (ALBACETE)",02630,967441860
FEDEROPTICOS,"CONTRERAS, C.OPT. C.OPT.CONTRERAS,S.L.",004075,004075,,THF,,6,0,238.00,0.00,0.00,0.00,13,28,19,2011-11-08,ALBACETE,"GRACIANO ATIENZA, 7",VILLARROBLEDO(ALBACETE),02600,967142846
MULTIOPTICAS,MULTIOPTICAS (TIENDA 2) CASTILLADECOR PROY.E INST SL,013091,013127,Y01,THF,,,,,,,,14,,14,2011-05-24,ALBACETE,"PLAZA RAMóN Y CAJAL,5",VILLARROBLEDO(ALBACETE),02600,967143664
CIOSA,AMARA OPTICOS VALLCANERA CERDA AMARA,008337,013364,,THF,20,0,1,0.00,30.00,20.00,0.00,5,27,20,2012-03-09,ALICANTE,"AVDA. HISPANIDAD, 21",ALCOY (ALICANTE),03804,605967038
MULTIOPTICAS,"SERRAIBA, OPTICA SERRAIBA , S.L.",004686,004686,,THF,,,,,,,,71,,70,2011-05-24,ALICANTE,"L'ALAMEDA, 18",ALCOY (ALICANTE),03800,966526092
CIOSA,EURO OPTICA ROSA BIAN ROBERTA,008337,008215,,THF,,9,0,365.00,0.00,0.00,0.00,18,,27,2011-11-15,ALICANTE,"AVD.PAIS VALENCIA, 9 LOCAL-10",ALFAZ DEL PI (ALICANTE),03580,966860276
AFFELOU FUERA CENTRAL,ALAIN AFFLELOU ASOCIADOS COTILLAS MOLINA PEDRO,010030,010030,,THF,,0,25,0.00,"1,197.00",0.00,0.00,25,0,,,ALICANTE,AVDA.DE DENIA S/N C.C. PLAZA MAR 2 LOCAL D.22,ALICANTE,03016,965220220
CLIENTES IMPORTANTES,"CENTRO FARMACEUTICO (OPTICA)   CENTRO FARMACEUTICO, S.A.",009738,009738,Y31,THF,5,46,0,"1,961.00",0.00,53.00,0.00,,,4,2012-04-02,ALICANTE,"AVD.NOVELDA, 249",ALICANTE,03009,965186495
,"CORREOS, OPTICA OPTICALICANTE, S.L.L.",009111,009111,,THF,5,31,0,"1,324.00",0.00,38.00,0.00,,,4,2012-04-02,ALICANTE,"PABLO IGLESIAS, 4",ALICANTE,03004,965217200
REDVISUAL-PROVISION,"FERRERO, OPTICOS FERRERO HERRERO MARIA NELIDA",007192,007192,,THF,9,23,0,"1,128.00",0.00,33.00,0.00,,,4,2012-04-02,ALICANTE,"PADRE RECARERO DE LOS RIOS, 39 LOCAL 1",ALICANTE,03005,965927332
FEDEROPTICOS,"JORNET, OPTICA MOLINA LLEDO ELISA",004632,004632,,THF,,,,,,,,0,25,,,ALICANTE,"SAN MATEO, 39",ALICANTE,03012,965250641
MULTIOPTICAS,MULTIOPTICAS NEWCO RETAIL S.L.U,013437,013438,Y79,THF,,0,5,0.00,281.00,0.00,4.00,22,34,14,2011-05-24,ALICANTE,GERONA 29,ALICANTE,03001,965000454
IMPORTANTES 1,"NOVA, C.OPT. C.OPT.NOVA,S.L.",007187,007187,,THF,12,25,0,925.00,0.00,38.00,0.00,,,4,2012-04-23,ALICANTE,"GERONA, 27",ALICANTE,03001,965217735
IMPORTANTES 1,"O'DONNELL, C.OPT. O'DONNELL CENTRO OPTICO, S.L.",007236,007236,,THF,8,35,0,"1,204.00",0.00,49.00,0.00,67,25,4,2012-04-02,ALICANTE,"O'DONNELL, 16",ALICANTE,03003,965202200
REDVISUAL-PROVISION,"PINOSO 9 OPTICA PINOSO 9, S.C",012917,012917,,THF,,,,,,,,3,35,,,ALICANTE,"PINOSO,9 BAJO",ALICANTE,03012,966376090
IMPORTANTES 1,"SAN MATEO, OPT. PROFESALUD, S.L",012760,012760,Y40,THF,32,0,50,0.00,"2,130.00",32.00,50.00,69,,32,2012-04-24,ALICANTE,"SAN MATEO, 24",ALICANTE,03013,965209155
REDVISUAL-PROVISION,"ORTIZ, C.OPT. RODRIGUEZ ORTIZ JESUS",006298,006298,,THF,5,34,37,"1,590.00","1,696.00",39.00,38.00,40,,4,2012-04-02,ALICANTE,"VIRGEN DEL PILAR, 9",ALMORADI (ALICANTE),03160,965702901
IMPORTANTES 1,"SAMPERE, OPTICA SEMPERE MTNEZ MANUEL LUIS",005789,005789,Y29,THF,15,45,1,"1,945.00",53.00,54.00,1.00,102,45,4,2012-04-02,ALICANTE,"PINTOR SOROLLA, 43",ALMORADI (ALICANTE),03160,965700521
PREFERENTES,INTEROPTICA GREGORI SENDRA JOSEFA MARIA,008855,008855,,THF,,,,,,,,36,,25,2011-06-15,ALICANTE,"PJE.CONSTITUCION, 4 LOCAL-13",ALTEA (ALICANTE),03590,965843857
CIOSA,"OCULUS, OPTICA PUERTO CALPENA LUIS",008337,011511,,THF,2,16,0,787.00,0.00,20.00,0.00,30,,20,2012-03-13,ALICANTE,"AVD.PADRE ISMAEL, 61",ASPE (ALICANTE),03680,965491820
IMPORTANTES 1,"SAN MATEO 5, OPTICA SAN MATEO S.L.",002675,002675,Y40,THF,,,,,,,,33,,33,2011-06-07,ALICANTE,"AVDA.DE LOS ALMENDROS, 17",BENIDORM (ALICANTE),03501,965864491
CLIENTES IMPORTANTES,"VEGA BAJA, OPTICA PINA NOGUERA PATRICIA",006972,006972,,THF,11,22,0,962.00,0.00,33.00,0.00,32,,4,2012-04-02,ALICANTE,"DESAMPARADOS, 9",CALLOSA SEGURA (ALICANTE),03360,966758838
CIOSA,"VISION, C.OPT. LLEDO CLIMENT CRISTINA",008337,003031,,THF,,16,0,635.00,0.00,-1.00,0.00,11,25,28,2011-12-14,ALICANTE,"GENERALITAT, 41",CAMPELLO (ALICANTE),03560,965633971
CLIENTES IMPORTANTES,"CASTALLA, C.OPT. CASTILLO MARTINEZ CRISTINA",013493,013493,,THF,7,41,0,"1,813.00",0.00,49.00,0.00,,,4,2012-04-02,ALICANTE,"CONVENTO, 20",CASTALLA (ALICANTE),03420,966560063
CLARAVISION,CLARAVISION 42 CASTALLA CLIMENT DE BENITO PEDRO,008657,008657,,THF,,0,11,0.00,518.00,0.00,11.00,11,,,,ALICANTE,AZORIN Nº38-30,CASTALLA (ALICANTE),03420,965560474
CLIENTES IMPORTANTES,"EL ALTET, C.OPT. CANDELA BOTELLA SUSANA",005890,005890,,THF,7,26,22,"1,112.00","1,021.00",33.00,23.00,45,,4,2012-04-02,ALICANTE,"AV. DAMA DE ELCHE, 7",EL ALTET (ALICANTE),03195,965687833
IMPORTANTES 1,"CARRUS, OPT. OPTICA SECTOR V.S.L",013752,013752,,THF,,,,,,,,25,,25,2011-05-24,ALICANTE,"CAPITAN ANTONIO MENA, 113",ELCHE (ALICANTE),03204,966093838
,"MADRID, OPTICA MARTINEZ PEREZ FRANCISCO",008235,008235,,THF,4,8,0,382.00,0.00,11.00,0.00,43,,4,2012-04-02,ALICANTE,"JOSE NAVARRO ORTS, 20",ELCHE (ALICANTE),03205,965425207
MULTIOPTICAS,MULTIOPTICAS NEWCO RETAIL S.L.U,013437,013495,Y79,THF,,,,,,,,67,,,,ALICANTE,"CORREDERA, 4",ELCHE (ALICANTE),03202,965001570
IMPORTANTES 1,OPTICA CARRUS OPTICA CARRUS S.C.,004350,004350,Y57,THF,35,-13,0,-589.00,0.00,37.00,0.00,65,,4,2012-04-23,ALICANTE,"NIT DE L'ALBA, 13",ELCHE (ALICANTE),03206,965430462
CIOSA,"PUNTO OPTICO OPTIK SHOP, S.L.",008337,010973,,THF,6,34,0,"1,427.00",0.00,40.00,0.00,,,4,2012-04-02,ALICANTE,"SAN VICENTE, 1",ELCHE (ALICANTE),03202,965453008
IMPORTANTES 1,"SAN MATEO III, OPTICA SAN MATEO S.L.",007837,007837,Y40,THF,48,0,0,0.00,0.00,48.00,0.00,,,4,2012-04-23,ALICANTE,"REINA VICTORIA, 44",ELCHE (ALICANTE),03201,965438572
CECOP,CENTROVISION IRIS VICENTE CLIMENT PEDRO JOSE,003773,003773,,THF,,10,0,425.00,0.00,1.00,0.00,16,,25,2011-11-15,ALICANTE,"ANTONIA SANSANO FRANCO, 24",ELCHE-ALICANTE,03204,966631157
IMPORTANTES 1,B.&.N OPTICAS CALLADO CRESPI ESPERANZA,008317,008317,,THF,11,13,0,619.00,0.00,65.00,0.00,108,,27,2012-04-24,ALICANTE,"ANTONINO VERA, 31",ELDA (ALICANTE),03600,966982171
CLIENTES IMPORTANTES,"ELDA, C.OPT. ELDA INVERSIONES DE OPTICA S.L",009301,009301,Y72,THF,,0,7,0.00,431.00,0.00,18.00,10,28,,,ALICANTE,"PADRE MANJON, 4",ELDA (ALICANTE),03600,965393526
MULTIOPTICAS,MULTIOPTICAS NEWCO RETAIL S.L.U,013437,013494,Y79,THF,,0,57,0.00,"2,869.00",0.00,59.00,75,,14,2011-05-24,ALICANTE,"JUAN CARLOS I, 35",ELDA (ALICANTE),03600,965000420
IMPORTANTES 1,"OPTIVER OPTIVER OPTICOS, S.L.",006046,006046,Y57,THF,12,51,0,"1,747.00",0.00,63.00,0.00,0,25,10,2012-04-24,ALICANTE,"PADRE MANJON, 9",ELDA (ALICANTE),03600,965381198
IMPORTANTES 1,SAN MATEO  II SAN MATEO S.L.,000655,000655,Y40,THF,36,0,47,0.00,"1,930.00",0.00,47.00,47,,,,ALICANTE,"REYES CATOLICOS, 14",ELDA (ALICANTE),03600,965397197
PRIMERA OPTICOS,"LA PAZ, C.OPT. LA PAZ CENTRO OPTICO S.L.",007711,007711,,THF,1,29,0,"1,318.00",0.00,30.00,0.00,,,7,2012-01-27,ALICANTE,"AVDA.LA PAZ, 19",IBI (ALICANTE),03440,966553430
FEDEROPTICOS,"GUMIEL, FEDEROPTICOS GUMIEL LOPEZ JESUS CARMELO",006434,006434,,THF,13,1,0,47.00,0.00,26.00,0.00,51,,4,2012-04-23,ALICANTE,"COMUNIDAD VALENCIANA, 3",MONOVAR (ALICANTE),03640,965473006
CIOSA,"ESPINOSA, C.OPT.AUDITIVO ESPINOSA POMARES EDUARDO",008337,008415,,THF,,1,0,50.00,0.00,1.00,0.00,,,,,ALICANTE,"VIRGEN DESAMPARADOS, 81",NOVELDA (ALICANTE),03660,965602676
NATURAL OPTICS,"NOVELDA, C.OPT. MARTINEZ GARCIA JUAN",005106,005106,,THF,2,29,0,"1,331.00",0.00,31.00,0.00,,,30,2012-03-12,ALICANTE,"JAIME II, 44",NOVELDA (ALICANTE),03660,965624655
CLIENTES IMPORTANTES,"AGRASOT, OPTICA OPTICA AGRASOT, S.L.",009039,009039,,THF,17,20,20,896.00,865.00,37.00,22.00,52,47,4,2012-04-23,ALICANTE,"PINTOR AGRASOT, 44",ORIHUELA (ALICANTE),03300,965303061
CIOSA,"DUQUE DE TAMAMES, OPTICA JIMENEZ LOPEZ MARIA NIEVES",008337,003790,,THF,,2,0,113.00,0.00,1.00,0.00,52,,0,2011-09-16,ALICANTE,"DUQUE DE TAMAMES, 39",ORIHUELA (ALICANTE),03300,966743816
MULTIOPTICAS,MULTIOPTICAS NEWCO RETAIL S.L.U,013437,013439,Y79,THF,,6,15,318.00,837.00,6.00,14.00,52,34,14,2011-05-24,ALICANTE,"SAN PASCUAL, 11",ORIHUELA (ALICANTE),03300,965003503
ALAIN AFFLELOU ASOC.,ALAIN AFFLELOU PETRER CASTELLO Y OCHOA OPTICOS S.L.,011910,011910,,THF,,0,25,0.00,"1,197.00",0.00,0.00,25,0,,,ALICANTE,"AUTOVIA ALICANTE-MADRID, KM36",PETRER (ALICANTE),03610,965375500
CIOSA,VISUALIA PAGAN SAMPER SONIA PILAR,008337,010436,,THF,11,20,0,852.00,0.00,31.00,0.00,,,8,2012-04-18,ALICANTE,"AVD.DEL PINO, LOCAL-3 PINAR DE CAMPOVERDE",PILAR HORADADA (ALICANTE),03190,966763572
REDVISUAL-PROVISION,"DE LA MAR, OPTICA CATALA PEREZ, C.B.",006612,006612,,THF,2,28,0,"1,261.00",0.00,30.00,0.00,,,30,2012-02-23,ALICANTE,"CRISTO DEL MAR, 24",PUERTO DE JAVEA-ALICANTE,03730,966460319
PREFERENTES,"RODRIGUEZ, OPTICA OPTICA URBANIZACION, S.L.",009208,009208,,THF,,,,,,,,32,,30,2011-06-09,ALICANTE,"AVD.LAS NACIONES, 1A LOCAL 7   URB.CIUDAD QUESADA",ROJALES (ALICANTE),03170,966717091
CLIENTES IMPORTANTES,"SANTAFAZ, OPTICA SIRVENT BERENGUER RAFAEL",005054,005054,,THF,6,2,0,66.00,0.00,-1.00,0.00,34,,11,2011-10-27,ALICANTE,"AVDA.LIBERTAD, 58",S.VICENTE RASPEIG(ALICANTE,03690,965667574
CIOSA,"SAN BARTOLOME, OPTICA PEREA PEREZ ANDRES",008337,006377,,THF,,0,23,0.00,"1,014.00",0.00,25.00,24,,,,ALICANTE,"MAYOR, 74",SAN BARTOLOME ( ALICANTE),03314,965367352
NATURAL OPTICS,"GRAN PLAYA, NATURAL OPTICS MONTIEL CARBONELL ASUNCION",009637,009637,,THF,,1,2,58.00,38.00,1.00,11.00,1,34,,,ALICANTE,"AVD.VICENTE BLASCO IBAñEZ, 25",SANTA POLA (ALICANTE),03130,966691208
CLIENTES IMPORTANTES,"TORRELLANO, C.OPT. JACOBO BONETE VIOLETA MERCEDES",006905,006905,,THF,33,0,24,0.00,"1,139.00",33.00,25.00,24,,4,2012-04-23,ALICANTE,"AVDA.DE ILLICE, 57",TORRELLANO (ALICANTE),03320,965682209
IMPORTANTES 1,"CHANTAL, OPTICA (SOL) OPCHANTAL S.L.",002091,002091,Y30,THF,,2,14,63.00,690.00,2.00,14.00,30,,10,2011-09-14,ALICANTE,"RAMON GALLUD, 62",TORREVIEJA (ALICANTE),03181,965706077
IMPORTANTES 1,"CHANTAL, OPTICA (VISTA) SANCHEZ TORDJMACHANTAL FELISA",006729,006729,Y30,THF,,0,11,0.00,466.00,0.00,11.00,26,,15,2011-09-14,ALICANTE,"RAMON GALLUD, 60  A",TORREVIEJA (ALICANTE),03181,965711868
NATURAL OPTICS,NATURAL OPTICS VILLAJOYOSA LARROSA GINER NESTOR,007989,007989,,THF,,19,0,850.00,0.00,10.00,0.00,16,,25,2011-11-26,ALICANTE,"AVDA.JUAN CARLOS I, 10",VILLAJOYOSA (ALICANTE),03570,965895401
OPTICALIA,"MURILLO OPTICOS MURILLO OPTICOS, S.C.",006436,006436,,THF,,3,0,125.00,0.00,-5.00,0.00,27,,30,2011-10-05,ALICANTE,"JOAQUIN MARIA LOPEZ, 15",VILLENA (ALICANTE),03400,965801495
MULTIOPTICAS,"BARREDA, OPTICA BARREDA FLORET ANDRES",004497,004497,M10,THF,,,,,,,,14,,14,2011-05-24,CASTELLON,"HERNAN CORTES, 48",BENICARLO (CASTELLON),12580,964460076
IMPORTANTES 1,"MAESTRAT, OPTICA OPTICA MAESTRAT, S.L.",004526,004526,Z65,THF,,-7,35,-295.00,"1,601.00",0.00,42.00,45,25,3,2011-10-09,CASTELLON,"PZA.MERCAT, 7",BENICARLO (CASTELLON),12580,964460325
OPTIMIL ASOCIADOS,"CADENA VISUAL OPTIMIL CADENA VISUAL, S.A.",006479,006479,,THF,,52,82,"2,340.00","4,355.00",81.00,132.00,128,,44,2012-02-17,CASTELLON,"CALLE G, PARCELA 301 POL. IND. LA MEZQUITA",LA VALL D'UXO (CASTELLON),12600,902180247
CIOSA,VISION SEGORBE SANCHEZ MARIN CESAR,008337,008847,,THF,,7,0,274.00,0.00,-1.00,0.00,22,,29,2011-11-07,CASTELLON,"PZA.REY DON JAIME I, 1 BAJO",SEGORBE (CASTELLON),12400,964710026
CECOP,"ESTEVE, OPTICA ESTEVE ESCOBEDO FRANCISCO",007954,007954,,THF,,3,0,155.00,0.00,6.00,0.00,7,,,,CASTELLON,"BENIGAFULL, 5",VALL DE UXO (CASTELLON),12600,964690136
PREFERENTES,"VILA-REAL, OPT. VILA-REAL, C.B.",003575,003575,,THF,,4,0,188.00,0.00,0.00,0.00,36,,12,2011-11-26,CASTELLON,"DOCTOR FONT,17",VILAREAL (CASTELLON),12540,964531368
MULTIOPTICAS,"IBARRA, MULTIOPTICAS BALAGUER-IBARRA,S.L.",000369,000369,,THF,18,48,0,"1,995.00",0.00,67.00,0.00,43,,12,2012-04-02,CASTELLON,"MAYOR SAN JAIME, 12",VILLARREAL INF.(CASTELLON),12540,964520382
ALAIN AFFLELOU ASOC.,ALAIN AFFLELOU ASOCIADOS BENARA OPTICS S.L,012243,012243,W45,THF,,1,0,34.00,0.00,1.00,-2.00,0,23,,,CASTELLON,CTRA NAC 340 KM 1049 C. COMERCIAL VINAROZ,VINAROZ (CASTELLON),12500,964400289
MULTIOPTICAS,"BARREDA, OPTICA BARREDA CALLAU VICENTE EMILIO",000060,000060,M10,THF,,,,,,,,52,,14,2011-05-24,CASTELLON,"PZ. SAN ANTONIO, 20 BIS",VINAROZ (CASTELLON),12500,964450248
,"GIS - VERT, OPTICA MARIAM CRUSELLES S.L.",005242,005242,,THF,,0,4,0.00,217.00,0.00,4.00,4,29,,,CASTELLON,"TRAV.AGUSTIN DE SAFON,7",VINAROZ (CASTELLON),12500,964453104
ZAS VISION,"ALCON, OPTICA LOPEZ ALCON DIEGO",003588,006669,,THF,,0,-13,0.00,-573.00,0.00,0.00,-13,13,,,MURCIA,"RAMBLA D.DIEGO,ESQ.POSTIGO",ALHAMA DE MURCIA,30840,968633547
CIOSA,"ALHAMA, C.OPT. JOSE.A.PEREZ",008337,003489,,THF,,2,14,87.00,625.00,1.00,15.00,38,,5,2011-09-27,MURCIA,"FERIA, 11",ALHAMA DE MURCIA (MURCIA),30840,968639652
OPTIMIL ASOCIADOS,"MORENILLA, OPTICOS MORENILLA GIGANTE ENCARNACION",007682,007682,,THF,,3,14,100.00,611.00,2.00,19.00,18,,,,MURCIA,"AVD.JUAN CARLOS I, 2",CARAVACA (MURCIA),30400,968703706
CIOSA,"ALTA VISION, OPTICA MARTINEZ MARTINEZ J.ANTONIO",008337,008626,,THF,17,13,0,520.00,0.00,30.00,0.00,,,6,2012-04-18,MURCIA,"RAMON Y CAJAL, 152",CARTAGENA (MURCIA),30205,868061075
MULTIOPTICAS,"ANDRES, OPTICA MECA GARCIA ANDRES",001377,001377,,THF,,,,,,,,14,,14,2011-05-24,MURCIA,"CAMPOS, 3 (EDIFICIO ONU)",CARTAGENA (MURCIA),30201,968501283
CLIENTES IMPORTANTES,"CARTAGENA, C.OPT. CENTRO OPTICO CARTAGENA SA",001269,001269,,THF,,2,0,85.00,0.00,0.00,0.00,23,,4,2011-09-29,MURCIA,"SANTA FLORENTINA, 6",CARTAGENA (MURCIA),30201,968527421
OPTICALIA,"CARTAGENA, OPTICALIA OPTIPRIX CARTAGENA C.B.",010991,010991,,THF,,,,,,,,1,,,,MURCIA,RONDA CIUDAD DE LA UNION 8 BJA,CARTAGENA (MURCIA),30203,968122222
IMPORTANTES 1,OXFORD CENTRO VISION RODERO PATERNA MARIA JOSE,000562,000562,Y39,THF,8,32,39,"1,290.00","1,612.00",52.00,47.00,84,32,8,2012-04-02,MURCIA,"PUERTA DE MURCIA, 6-8",CARTAGENA (MURCIA),30201,968507592
MULTIOPTICAS,MULTIOPTICAS (TIENDA 6) CASTILLADECOR PROY.E INST SL,013091,013132,Y01,THF,2,7,0,237.00,0.00,9.00,0.00,14,,9,2012-02-24,MURCIA,"AVDA.JUAN BORBON,S/N B.18 CENTRO COMERCIAL THADER",CHURRA (MURCIA),30110,968385640
MULTIOPTICAS,"CRISTAL, OPTICA GERMANOPTIC S.L.",003311,003311,Y15,THF,2,11,0,482.00,0.00,14.00,0.00,134,,14,2012-03-14,MURCIA,"AV. JUAN CARLOS I, 23",LORCA (MURCIA),30800,968467905
CECOP,VISION LORCA A. ROSA ALCAZAR SIMON Y,012137,012137,,THF,,0,2,0.00,103.00,0.00,2.00,3,27,,,MURCIA,"JUAN CARLOS I, 63 JOSEFA BAYONAS RUIZ C.B",LORCA (MURCIA),30800,968472727
CECOP,"LOS DOLORES, C.OPT. PELEGRIN SANCHEZ JOSE MIGUEL",007261,007261,,THF,30,0,0,0.00,0.00,30.00,0.00,,,4,2012-04-23,MURCIA,"MAYOR, 21",LOS DOLORES (MURCIA),30011,968253802
CIOSA,OPTICA FAYREN SANCHEZ CARCELES Mª ANTONIA,008337,013813,,THF,,17,0,631.00,0.00,0.00,0.00,18,,36,2011-12-14,MURCIA,"ENRIQUE BERCIAL CAPEL, 5",MOLINA DE SEGURA (MURCIA),30500,663839901
IMPORTANTES 1,"VIREX, OPTICA VICENTE REX FCO JOSE",005446,005446,Y46,THF,,0,0,0.00,0.00,-8.00,0.00,27,,28,2011-10-25,MURCIA,"SANTA TERESA, 7",MOLINA DE SEGURA (MURCIA),30500,968642832
REDVISUAL-PROVISION,"BELEN, OPTICOS BELEN OPTICOS S.L.",009821,009821,,THF,,0,11,0.00,558.00,0.00,14.00,13,,,,MURCIA,PASEO DE LA FUENTE BAJO Nº 3,MURCIA,30007,968205161
CLIENTES IMPORTANTES,"GRAN VISION, OPTICA PEREZ PUCHE JULIAN JOSE",008581,008581,,THF,4,16,12,667.00,506.00,23.00,12.00,12,,4,2012-04-02,MURCIA,"ALAMEDA CAPUCHINOS, 6",MURCIA,30002,968937386
CIOSA,"JAIME I, OPTICA JUAN GARCIA MARTINEZ Y O, C.B.",008337,000383,,THF,,,,,,,,25,,25,2011-05-25,MURCIA,"JAIME I EL CONQUISTADOR,5",MURCIA,30008,968246893
CLIENTES IMPORTANTES,MORA S.L.-GRADUADO-,007519,007519,Y56,THF,,27,0,"1,245.00",0.00,30.00,0.00,81,,27,2012-02-29,MURCIA,"PUXMARINA, 1",MURCIA,30004,968217777
MULTIOPTICAS,MULTIOPTICAS (TIENDA 19) CASTILLADECOR PROY.E INST SL,013091,013147,Y01,THF,5,4,0,143.00,0.00,9.00,0.00,14,,9,2012-02-24,MURCIA,"CRTA. DE ALICANTE,S/N CENTRO COMERCIAL LAS ATALAYAS",MURCIA,30006,968240152
MULTIOPTICAS,"OMEGA, OPTICA OPTICAS OMEGA, S.L.",009825,009825,M08,THF,,1,0,41.00,0.00,1.00,0.00,70,,70,2011-05-24,MURCIA,"SAN ANTON, 15",MURCIA,30009,968935030
FEDEROPTICOS,"VISTA ALEGRE, OPTICA PILAR MARIN, PABLO NAVARRO C.B",006134,006134,,THF,10,48,0,"1,855.00",0.00,58.00,0.00,,,4,2012-04-02,MURCIA,"MARIA MAROTO, 14",MURCIA,30007,968241726
ALAIN AFFLELOU ASOC.,ALAIN AFFLELOU ASOCIADOS CASTEJON OPTICOS S.L.,010094,010094,,THF,,5,0,170.00,0.00,5.00,0.00,29,,25,2011-06-16,MURCIA,AVDA.DE LA AVIACION ESPA£OLA   Nº13,SAN JAVIER (MURCIA),30730,968191031
CIOSA,"TESSA, OPTICA CACERES HDEZ ROS MARIA TERESA",008337,001510,,THF,6,15,0,664.00,0.00,22.00,0.00,28,,4,2012-04-02,MURCIA,GLORIA 6,SANTOMERA (MURCIA),30140,968860201
FARMAOPTICS,"SAN ANTONIO, FCIA.OPT. MARIN SAURA M DOLORES",006635,006635,,THF,,3,0,123.00,0.00,-1.00,0.00,23,,5,2011-09-29,MURCIA,"FELICITO MANZANARES, 5",TORRE PACHECO (MURCIA),30700,968585872
FARMAOPTICS,"SANTA EULALIA, OPTICA MUÑOZ CRUZADO BARBA JOAQUIN",002629,002629,,THF,,,,,,,,0,25,,,MURCIA,"AV.RAMBLA DE LA SANTA, 20",TOTANA (MURCIA),30850,968424121
CECOP,"TOTANA, C.OPT. C.OPT.TOTANA, SOC.COOP.",004551,004551,,THF,,0,23,0.00,988.00,0.00,-1.00,23,0,,,MURCIA,JUAN XXIII-ED.GLORIETA,TOTANA (MURCIA),30850,968424656
MULTIOPTICAS,"AZORIN, OPTICA LUIS AZORIN S.L.",005164,005164,,THF,12,10,0,444.00,0.00,26.00,0.00,42,,4,2012-04-11,MURCIA,"HOSPITAL, 21",YECLA (MURCIA),30510,968791951
ZAS VISION,"CHAQUES, OPTICA CHAQUES GARCIA MARIA TERESA",003588,004693,,THF,,2,0,69.00,0.00,0.00,0.00,50,,6,2011-09-12,VALENCIA,"AV.PAIS VALENCIANO,12",ALAQUAS (VALENCIA),46970,961509318
OPTICALIA,"OPTICUS ALAQUAS INST.VALENCIANO DE SORDERA,S.L",013772,013772,W52,THF,,4,0,140.00,0.00,0.00,0.00,27,,31,2011-10-29,VALENCIA,"AVD.PAIS VALENCIANO, Nº6",ALAQUAS (VALENCIA),46970,961515158
CLIENTES IMPORTANTES,"NATURVISIO CENTRE OPTIC NATURVISIO MAFOR, S.L",013745,013745,,THF,,2,0,87.00,0.00,-2.00,0.00,38,,40,2011-10-05,VALENCIA,"PLAZA JARDI, 20",ALBAL (VALENCIA),46470,600547661
PREFERENTES,"ALBORAYA, OPTICA CALVO VILLENA MARIA JESUS",005596,005596,,THF,12,22,0,953.00,0.00,34.00,0.00,,,4,2012-04-02,VALENCIA,"AVD.DE LA HORCHATA, 29",ALBORAYA (VALENCIA),46120,961859390
CLIENTES IMPORTANTES,INMA ILLUECA OPTICOS ARAMBARRI ILLUECA LAURA,013176,013176,,THF,,0,0,0.00,0.00,0.00,-38.00,0,25,,,VALENCIA,FACTORY BONAIRE LOCAL A1 CARRETERA MADRID VALENCIA K345,ALDAYA (VALENCIA),46960,961920351
FARMAOPTICS,"ADAM, OPTICA ADAM MERINO VICENTE",011357,011357,,THF,,1,31,49.00,"1,578.00",2.00,0.00,31,1,,,VALENCIA,"CERVANTES, 51 BAJO",ALGEMESI (VALENCIA),46680,652475190
CECOP,"MONTRULL, OPTICA MONTRULL PERALES M TERESA",003819,003819,,THF,,7,0,318.00,0.00,0.00,0.00,14,25,20,2011-11-11,VALENCIA,"CERVANTES,4",ALGEMESI (VALENCIA),46680,962481189
FARMAOPTICS,ALMASSERA FERNANDEZ-VICENTI GARRIDO EMMA,005644,005644,,THF,6,32,0,"1,507.00",0.00,39.00,0.00,26,,4,2012-04-02,VALENCIA,"VALENCIA, 1",ALMASSERA (VALENCIA),46132,961858533
IMPORTANTES 1,SANTOS PATRONOS ESCRIVA BLASCO MILAGROS,006033,006033,,THF,,,,,,,,46,,44,2011-10-24,VALENCIA,AV.SANTOS PATRONOS 18 BAJOS,ALZIRA (VALENCIA),46600,962414823
PREFERENTES,"BELLREGUARD, OPT. ESCRIVA BLASCO MIRIAM",003941,003941,,THF,,4,5,216.00,220.00,3.00,6.00,11,,,,VALENCIA,"REI EN JAUME, 6",BELLREGUART (VALENCIA),46713,962815251
CECOP,"ALCOCER, C.OPT. OPTICA ALCOCER, C.B.",008652,008652,,THF,9,11,0,432.00,0.00,20.00,0.00,54,,4,2012-04-02,VALENCIA,"CARRETERA LIRIA, 25",BURJASOT (VALENCIA),46100,963638070
VISTALIA,"CARCAGENTE, C.OPT. CENTRE OPTIC CARCAIXENT S.L.",004718,004718,,THF,2,30,0,"1,419.00",0.00,32.00,0.00,,,7,2012-01-17,VALENCIA,"JULIAN RIBERA, 32",CARCAIXENT (VALENCIA),46740,962460435
CIOSA,"CARLET, OPT. OPTICA CARLET S.L.",008337,003651,,THF,,1,0,35.00,0.00,1.00,0.00,28,,27,2011-05-10,VALENCIA,"BALAGUER,2",CARLET (VALENCIA),46240,962532071
ZAS VISION,"CREMADES, OPTICA OPTICA CREMADES S.L.",003588,010292,,THF,,1,0,39.00,0.00,0.00,0.00,14,25,17,2011-10-16,VALENCIA,"AV. VALENCIA, 25",CASINOS (VALENCIA),46171,962700274
,"CATARROJA, OPT. C. OPT. POBLA LLARGA, S.L",012938,012938,,THF,,0,0,0.00,0.00,0.00,-5.00,0,37,,,VALENCIA,"RAMóN Y CAJAL, 49",CATARROJA (VALENCIA),46470,961266238
MULTIOPTICAS,"IGUAL Y BETS, MULTIOPTICAS CENTROV.CATARROJA, S.L.",004674,004674,,THF,,42,0,"2,046.00",0.00,42.00,0.00,42,,41,2012-02-02,VALENCIA,"CAMI REAL, 15",CATARROJA (VALENCIA),46470,961261017
OPTICALIA,OPTICA CATARROJA OPTICA LA POBLA S.L.,012306,012306,,THF,,7,69,251.00,"3,152.00",-3.00,69.00,156,,44,2011-10-13,VALENCIA,"RAMON Y CAJAL, 49",CATARROJA (VALENCIA),46470,961266238
PRIMERA OPTICOS,"LOZANO, OPT. OPTICAS LOZANO S.L.",003157,003157,,THF,4,1,0,40.00,0.00,5.00,0.00,80,,4,2012-04-27,VALENCIA,"CHIVA, 39",CHESTE (VALENCIA),46380,962510797
FARMAOPTICS,SANZ. OPT. SANZ CASANOVA PURIFICACION,003427,003427,,THF,,2,0,69.00,0.00,2.00,0.00,55,,,,VALENCIA,"CTRA. TORRENTE, 26",CHIRIVELLA (VALENCIA),46950,963833486
CIOSA,"CHIVA, OPT. AVIÑO IGUAL Mª GEMMA",008337,007049,,THF,,,,,,,,43,,9,2011-09-01,VALENCIA,"DR. NACHER, 62",CHIVA (VALENCIA),46370,962522234
OPTICALIA,"MEDITERRANIA, OPTICA MARTINEZ BERTOMEU MATILDE",007194,007194,,THF,,,,,,,,39,,39,2011-05-04,VALENCIA,"PINTOR FERRER CABRERA, 3",CULLERA (VALENCIA),46400,961726331
IMPORTANTES 1,VISION EMPRESARIAL DE OPTICA   VISION EMPRESARIAL S.L.U.,012637,012637,,THF,,29,0,"1,103.00",0.00,-36.00,0.00,135,,124,2011-10-17,VALENCIA,AVDA. INSTITUTO 16-2,EL PUIG (VALENCIA),46540,961479504
MULTIOPTICAS,"BORJA II, OPTICA BORJA ALBI LUIS",000070,000070,X13,THF,,15,0,695.00,0.00,16.00,0.00,14,,16,2012-03-07,VALENCIA,"PASEO GERMANIAS, 69",GANDIA (VALENCIA),46700,962860911
ZAS VISION,"MORENO, OPTICA MORENO VISION S L",003588,001425,,THF,,,,,,,,34,,34,2011-05-16,VALENCIA,"BENEFICENCIA, 2",GANDIA (VALENCIA),46701,962871350
MULTIOPTICAS,MULTIOPTICAS*(TIENDA 5) CASTILLADECOR PROY.E INST SL,013091,013131,Y01,THF,2,7,0,237.00,0.00,9.00,0.00,14,,9,2012-02-24,VALENCIA,"AVDA.LA VITAL,10 LOC.B12 CENTRO COMERCIAL LA VITAL",GANDIA (VALENCIA),46701,962881045
CLIENTES IMPORTANTES,"LA ELIANA, C.OPT. CENTRE OPTIC L'ELIANA SL",007658,007658,,THF,,,,,,,,26,,25,2011-05-20,VALENCIA,"MARQUES DE CACERES, 20",LA ELIANA (VALENCIA),46183,961656902
,"LA POBLA, OPTICA C. OPT. LA POBLA LLARGA S.L",012939,012939,,THF,,,,,,,,0,10,,,VALENCIA,"GLORIETA, 1 BAJO",LA POBLA LLARGA (VALENCIA),46670,962590522
CLIENTES IMPORTANTES,"VISION LA POBLA ROMERO I GONZALEZ OPTICOS,SL",013540,013540,,THF,7,26,15,"1,147.00",692.00,24.00,21.00,39,,25,2012-04-25,VALENCIA,"GLORIETA, 1 BAJO",LA POBLA LLARGA (VALENCIA),46670,962590522
CLARAVISION,"BONO CARRIO, OPTICA CARRIO SERVERA JULIAN",000187,000187,,THF,5,34,0,"1,609.00",0.00,41.00,0.00,,,4,2012-04-02,VALENCIA,"PLAZA MAYOR,6",LLOMBAY (VALENCIA),46195,962990940
ZAS VISION,"BEGOÑA TORMO, OPT. TORMO FRANCO BEGO£A",003588,010469,,THF,,,,,,,,0,28,,,VALENCIA,"AVD.MAGDALENA, 4",MASSAMAGRELL (VALENCIA),46130,961451133
CLIENTES IMPORTANTES,"RAUSELL, OPTICA RAUSELL GARCIA MARIA PILAR",001298,001298,,THF,,4,0,147.00,0.00,0.00,0.00,22,,26,2011-10-21,VALENCIA,"AVDA. MAYOR, 5",MASSAMAGRELL (VALENCIA),46130,961440239
PREFERENTES,OPTIQUES C.B,012251,012251,Y28,THF,17,16,0,657.00,0.00,33.00,0.00,,,4,2012-04-08,VALENCIA,"AVD.BLASCO IBAÑEZ, 71B",MASSANASSA (VALENCIA),46470,961251561
,"JARA LEVANTE, OPT. OPTICA JARA LEVANTE, S.L",013216,013216,,THF,,,,,,,,0,29,,,VALENCIA,"AVDA. GREGORIO GEA, 33 BAJO",MISLATA (VALENCIA),46920,963838076
CLIENTES IMPORTANTES,"PALOMERA, OPTICOS MARTINEZ PALOMERA ANTONIO",010537,010537,,THF,4,4,0,160.00,0.00,5.00,0.00,43,,4,2012-04-02,VALENCIA,"AV.GREGORIO GEA,41",MISLATA (VALENCIA),46920,963591255
ZAS VISION,"NAVARRO, OPT. NAVARRO SANCHEZ RAFAEL",003588,001957,,THF,,5,0,213.00,0.00,1.00,0.00,60,30,6,2011-10-03,VALENCIA,"CAMI DEL NEGRE, 31",MONCADA (VALENCIA),46113,961392081
MULTIOPTICAS,"BORJA, OPT. BORJA OPTICOS OLIVA S.L.",002714,002714,X13,THF,,,,,,,,14,,14,2011-05-24,VALENCIA,ALEJANDRO CARDONA. 5,OLIVA (VALENCIA),46780,962839747
CIOSA,"JORGE, OPTICA BENAVENT ALONSO JORGE",008337,004482,,THF,4,-2,14,-86.00,497.00,3.00,21.00,38,25,4,2012-04-02,VALENCIA,"SAN JAIME, 1",ONTENIENTE (VALENCIA),46870,962911516
PRIMERA OPTICOS,NIKOL OPTICOS SERNA REVERT CONCEPCION,001975,001975,,THF,,2,0,65.00,0.00,0.00,0.00,33,,5,2011-09-28,VALENCIA,"JOSE SIMO MARIN, 7",ONTENIENTE (VALENCIA),46870,962380954
CLARAVISION,CLARAVISION 4 ONTENIENTE OPTICA CLARAVISION VALENCIA SL,009916,009916,,THF,,-1,0,-58.00,0.00,1.00,0.00,37,,37,2011-09-20,VALENCIA,MARTINEZ VALLS Nº 27,ONTENIENTE(VALENCIA),46870,961911296
FARMAOPTICS,"ESTIL VISIO, OPT. PENADES Y TORRO INMA",003072,003072,,THF,,1,0,41.00,0.00,1.00,0.00,25,,9,2011-09-16,VALENCIA,"SALVADOR TORMO, 32",ONTINYENT (VALENCIA),46870,962916151
CLIENTES IMPORTANTES,"OPTICA PATERNA OPTICA PATERNA, S.L.",007537,007537,,THF,7,15,23,604.00,997.00,24.00,25.00,42,,4,2012-04-02,VALENCIA,"MAYOR, 7",PATERNA (VALENCIA),46980,961371775
REDVISUAL-PROVISION,"LAURA PORCAR,JOYERIA Y OPT. PORCAR IZQUIERDO ENRIQUE",010435,010435,,THF,,0,9,0.00,399.00,0.00,0.00,7,13,,,VALENCIA,"POETA LLORENTE, 12",POBLA VALLBONA (VALENCIA),46185,962760069
ZAS VISION,"PORCAR, OPTICA PORCAR IZQUIERDO ESTEBAN",003588,005537,,THF,6,33,0,"1,302.00",0.00,40.00,0.00,,,4,2012-04-02,VALENCIA,POETA LLORENTE 9,POBLA VALLBONA (VALENCIA),46185,962760587
MULTIOPTICAS,"COMENGE, MULTIOPTICAS OPTICAS COMENGE, S.L",012920,012920,W43,THF,,,,,,,,28,,28,2011-05-24,VALENCIA,AV. HISPANIDAD 21 BAJO,PUERTO SAGUNTO (VALENCIA),46520,962671247
PRIMERA OPTICOS,LEON OPTICO GOMEZ SAN BERNARDO FERNANDO,001954,001954,,THF,26,3,0,118.00,0.00,26.00,0.00,27,,2,2012-04-26,VALENCIA,"AVDA. 9 DE OCTUBRE, 17",PUERTO SAGUNTO (VALENCIA),46520,962676011
NATURAL OPTICS,"MEDITERRANEA, OPTICA CANULLERES S.L.",004439,004439,,THF,,0,-9,0.00,-517.00,0.00,0.00,-9,38,,,VALENCIA,"AVDA. HISPANIDAD, 6",PUERTO SAGUNTO (VALENCIA),46520,962698008
CIOSA,"MONTIJO OPTICOS MONTIJO OPTICOS, S.L",008337,012785,,THF,,16,0,590.00,0.00,0.00,0.00,58,29,38,2011-11-26,VALENCIA,"GIL OROZCO, 9 BAJO",REQUENA (VALENCIA),46340,962304795
OPTICALIA,OPTICALIA RIBA-ROJA OLIVER LAUDER MARIA ASUNCION,013541,013541,X18,THF,,,,,,,,40,,41,2011-06-20,VALENCIA,"CTRA. VILAMARXANT, 71",RIBARROJA (VALENCIA),46190,962770413
REDVISUAL-PROVISION,"RIBELLES, OPTICA RIBELLES LERGA AMADEO",008242,008242,,THF,4,1,0,53.00,0.00,4.00,0.00,55,,4,2012-04-02,VALENCIA,"HUERTOS, 25",SAGUNTO (VALENCIA),46500,962661212
CECOP,"LOPEZ OPTICOS SEDAVI LOPEZ OPTICOS SEDAVI, S.L.",008708,008708,,THF,,,,,,,,0,0,,,VALENCIA,"PZA.JAIME I, 12",SEDAVI (VALENCIA),46910,963755520
CLIENTES IMPORTANTES,"SIGNES, OPTICA SIGNES SANCHO VICENTA",002438,002438,,THF,6,30,0,"1,390.00",0.00,35.00,0.00,44,,33,2012-03-26,VALENCIA,"CULLERA, 37",SUECA (VALENCIA),46410,961703673
ZAS VISION,"TAVERNES, OPTICA GRUPO MONOTROPA, S.L.",003588,008503,,THF,,,,,,,,26,,26,2011-05-11,VALENCIA,"AUSIAS MARCH, 3 BAJO",TAVERNES BLANQUES-VALENCIA,46016,961861660
CECOP,CENTRE AUDIOPTIC PELLICER TALENS BENJAMIN,008841,008841,W44,THF,5,8,0,363.00,0.00,15.00,0.00,25,,12,2012-04-08,VALENCIA,"AVD.GERMANIAS, 29",TAVERNES VALDIGNA-VALENCIA,46760,962837337
CLIENTES IMPORTANTES,"CHULIA, OPTICA OPTICAS CHULIA, S.L.",010521,010521,,THF,,-1,24,-35.00,"1,131.00",1.00,25.00,23,32,,,VALENCIA,"FERNANDO FURIO ROCA, 4",TORRENT (VALENCIA),46900,961570347
CLIENTES IMPORTANTES,"NOVA VISIO, OPTICA NOVA VISIO TORRENT S.L.",007671,007671,,THF,,7,0,307.00,0.00,-7.00,0.00,11,,18,2011-11-26,VALENCIA,"AZORIN, 38 BAJO",TORRENT (VALENCIA),46900,961567119
PRIMERA OPTICOS,"VISUALTORRENT, S.L",010987,010987,,THF,,1,0,31.00,0.00,1.00,0.00,84,,11,2011-08-29,VALENCIA,"AVD.AL VEDAT, 117",TORRENTE (VALENCIA),46900,961080130
CECOP,"ANTOLINO RUIZ, OPT. RUIZ ROIG ANTOLINO",002709,002709,,THF,,,,,,,,1,25,,,VALENCIA,"CARDENAL BENLLOCH, 97",VALENCIA,46021,963621254
ZAS VISION,"BALLESTER, OPTICA OPTICA BALLESTER S.C.P.",003588,002041,,THF,,32,0,"1,435.00",0.00,28.00,0.00,27,,12,2012-01-23,VALENCIA,"PZA.ENCARNACION, 2/ESQ.CARNIC.",VALENCIA,46001,963915631
IMPORTANTES 1,"BARELLES, OPTICA BARELLES PASTOR FRANCISCA",004295,004295,,THF,9,52,60,"2,359.00","2,889.00",53.00,114.00,135,27,4,2012-04-02,VALENCIA,"GUARDIA CIVIL, 22",VALENCIA,46020,963935074
ZAS VISION,"CABAÑAL, C.OPT. BERNABEU PASCUAL",003588,004508,X03,THF,,,,,,,,1,,1,2011-10-09,VALENCIA,"MEDITERRANEO, 26",VALENCIA,46011,963713274
ZAS VISION,"CABAñAL, C.OPT. CENTRO OPTICO CABA£AL, S.L.",003588,010864,X03,THF,,1,0,30.00,0.00,0.00,0.00,49,,15,2011-09-19,VALENCIA,"REINA, 88",VALENCIA,46011,963725860
CLIENTES IMPORTANTES,"CENTRO FARMACEUTICO (OPTICA)   CENTRO FARMACEUTICO, S.A.",001993,001993,Y31,THF,4,34,0,"1,444.00",0.00,39.00,0.00,,,4,2012-04-02,VALENCIA,"GREMIS, 15 PGN. VARA",VALENCIA,46014,963830318
PRIMERA OPTICOS,"CENTRO, OPT. RODILLA SUBIELA FCO JAVIER",002337,002337,,THF,,17,0,685.00,0.00,3.00,0.00,55,,69,2011-10-27,VALENCIA,"LOS DERECHOS, 37",VALENCIA,46001,963911096
MULTIOPTICAS,"CLARAMUNT, OPTICA CLARAMUNT MEDINA, S.L.",004560,004560,Y61,THF,,,,,,,,42,,42,2011-05-24,VALENCIA,"AV. CONSTITUCION, 127",VALENCIA,46009,963658999
CLARAVISION,CLARAVISION 47 CASTRO II ASARTA S.L.,012774,012774,,THF,4,26,0,957.00,0.00,30.00,0.00,,,30,2012-03-05,VALENCIA,"HERNAN CORTES, 31",VALENCIA,46004,963528242
IMPORTANTES 1,"DISTRIBUCIONES, OPT. DISTRIB.MATERIAL OPT. S.L",001715,001715,,THF,,,,,,,,0,26,,,VALENCIA,"PELAYO, 29 BAJO",VALENCIA,46007,963423648
CLIENTES IMPORTANTES,"ENRIQUE HURTADO, SERV.OPT. SERV. OPT. ENRIQUE HURTADO S.L",012935,012935,,THF,8,64,0,"2,641.00",0.00,69.00,0.00,-3,25,4,2012-04-02,VALENCIA,"GENERAL TOVAR, 2",VALENCIA,46003,963912298
MULTIOPTICAS,"GENE, OPTICA MULTIOPTICAS GENE, S.L.",008074,008074,,THF,,,,,,,,28,,28,2011-05-24,VALENCIA,"ZAPADORES, 5",VALENCIA,46006,963743365
FARMAOPTICS,"GOMEZ, OPTICOS GOMEZ MIQUEL EUGENIO",008840,008840,,THF,,,,,,,,27,,3,2011-08-31,VALENCIA,"PADRE ESTEBAN PERNET, 29 BAJO",VALENCIA,46014,963501990
REDVISUAL-PROVISION,"HERNANDEZ, OPTICA HERNANDEZ LOPEZ AMPARO",007588,007588,,THF,,0,2,0.00,75.00,0.00,0.00,2,23,,,VALENCIA,"SAN MARCELINO, 23",VALENCIA,46017,963783127
CLIENTES IMPORTANTES,"LIZANDRA, OPTICA DIRGO S.L.",006399,006399,Z62,THF,,0,0,0.00,0.00,1.00,0.00,44,,44,2011-10-06,VALENCIA,"AV. MARQUES DE SOTELO, 7",VALENCIA,46002,963513818
CLIENTES IMPORTANTES,"MANUEL FALCON, OPT. OPTICLICK, SL.",012791,012791,,THF,,1,0,53.00,0.00,1.00,0.00,,,,,VALENCIA,"AVDA. GIORGETA, 62",VALENCIA,46007,963777700
IMPORTANTES 1,"PEPE BOSCA, OPTICO BOSCA FERRANDIS JOSE",000578,000578,,THF,,0,21,0.00,990.00,0.00,21.00,21,,,,VALENCIA,"MARQUES DE TURIA, 53",VALENCIA,46005,963520326
OPTICUS,PRIMERA OP.GENERAL URRUTIA LAGUNA LUMBRERAS SALVADOR,007976,007976,,THF,,0,5,0.00,226.00,0.00,6.00,5,12,,,VALENCIA,"GENERAL URRUTIA, 17",VALENCIA,46006,963953994
ZAS VISION,"QUART, OPTICA SORIANO RAMS C.B.",003588,010200,,THF,,7,0,295.00,0.00,1.00,0.00,29,,35,2011-11-03,VALENCIA,"QUART, 109-B",VALENCIA,46008,963821399
ZAS VISION,ROIG OPTICOS HEREDEROS DE ROIG S.L,003588,011884,,THF,,,,,,,,53,,3,2011-10-09,VALENCIA,"ALBORAYA, 28",VALENCIA,46010,963605982
,"RUZAFA, OPT. FERRER AGUADO MARIA LUISA",012779,012779,,THF,,,,,,,,0,17,,,VALENCIA,"SORNELLS, 12-B",VALENCIA,46006,963952907
CIOSA,"SAN MARCELINO, OPTICA ANTONIO MARTINEZ PART, S.L.",008337,000989,,THF,4,30,0,"1,366.00",0.00,34.00,0.00,,,4,2012-04-02,VALENCIA,"SAN MARCELINO, 4 - BAJO IZDA",VALENCIA,46017,963575336
IMPORTANTES 1,"SANCHIS Y CHAMERO, FCIA.OPT.   SANCHIS Y CHAMERO, S.L.",008412,008412,,THF,10,101,103,"3,984.00","4,320.00",116.00,109.00,113,,4,2012-04-02,VALENCIA,"CONVENTO JERUSALEN, 22",VALENCIA,46007,963518334
ZAS VISION,"SANTANDREU, OPT. SANTANDREU GóMEZ MERCEDES",003588,012037,,THF,,,,,,,,0,28,,,VALENCIA,"JOSE ANDRE ALABARTA, 32",VALENCIA,46014,963816497
MULTIOPTICAS,"SANZ, OPTICA RIBERA SANZ S.L.",006045,006045,,THF,,,,,,,,17,,14,2011-05-24,VALENCIA,"SAN VICENTE, 71,BAJO",VALENCIA,46007,963526539
REDVISUAL-PROVISION,"TECNO-LENT, OPTICA TECNO-LENT OPTICA, S.L.",008985,008985,,THF,14,0,0,0.00,0.00,25.00,0.00,32,,4,2012-04-23,VALENCIA,"CERAMISTA ROS, 18",VALENCIA,46014,963288595
IMPORTANTES 1,"TORRENT, NUEVA OPTICA NUEVA OPTICA TORRENT,S.L",007497,007497,X25,THF,6,22,0,857.00,0.00,21.00,0.00,33,,4,2012-04-02,VALENCIA,"AYORA, 1",VALENCIA,46018,963854060
CECOP,"VISION, OPTICA OPVIN, S.L.",002610,002610,,THF,16,57,0,"2,573.00",0.00,78.00,0.00,56,,8,2012-04-02,VALENCIA,"DOCTOR MERENCIANO, 30",VALENCIA,46025,963471380
CECOP,"ZAPADORES, C.OPT. AHULLANA ALBELDA MARIA AMPARO",002458,002458,,THF,,13,0,485.00,0.00,5.00,0.00,26,,35,2011-10-20,VALENCIA,"ZAPADORES, 37",VALENCIA,46006,963747209
ZAS VISION,MARTI OPTICOS MARTI WENNBERG TOMAS JOSE,003588,013459,,THF,8,19,25,956.00,"1,281.00",27.00,25.00,26,,4,2012-04-02,VALENCIA,"CTRA. GANDIA, 14",VILLALONGA (VALENCIA),46720,962805641
FEDEROPTICOS,"CANO, OPTICA FOLCH CANO ALICIA",003893,003893,,THF,13,16,0,683.00,0.00,29.00,0.00,,,6,2012-04-12,VALENCIA,"PZA. LA BASSA, 28",XATIVA (VALENCIA),46800,962276815
CIOSA,"IBORRA, OPTICA OPTICA ALEJANDRO IBORRA S.L.U",008337,012787,,THF,14,60,0,"2,458.00",0.00,66.00,0.00,58,,27,2012-04-25,VALENCIA,"CARLOS SARTHOU, 6",XATIVA (VALENCIA),46800,962275179
MULTIOPTICAS,"JATIVA, C.OPT. C.OPT. JATIVA, S.L.",001297,001297,M07,THF,,14,0,632.00,0.00,14.00,0.00,42,,42,2011-05-24,VALENCIA,BAJADA DE LA ESTACION 6,XATIVA (VALENCIA),46800,962277729
PREFERENTES,"PILAR ARANDA, OPTICA ARANDA BELLVER PILAR",006611,006611,,THF,13,18,0,880.00,0.00,31.00,0.00,,,4,2012-04-02,VALENCIA,"TROBAT, 24",XATIVA (VALENCIA),46800,962274799